,staffingCompany,companyIndustries,staffCount,adsRule,companyEmployeesSearchPageUrl,viewerFollowingJobsUpdates,claimable,specialities,confirmedLocations,viewerEmployee,affiliatedCompaniesWithEmployeesRollup,lcpTreatment,affiliatedCompaniesWithJobsRollup,name,tagline,$recipeType,description,entityUrn,paidCompany,universalName,viewerPendingAdministrator,companyPageUrl,viewerConnectedToAdministrator,affiliatedCompanies,dataVersion,associatedHashtags,groups,url,showcasePages,claimableByViewer,jobSearchPageUrl,showcase,autoGenerated,callToAction.callToActionType,callToAction.visible,callToAction.callToActionMessage.textDirection,callToAction.callToActionMessage.text,callToAction.url,staffCountRange.start,staffCountRange.end,permissions.landingPageAdmin,permissions.admin,permissions.adAccountHolder,logo.image.com.linkedin.common.VectorImage.artifacts,logo.image.com.linkedin.common.VectorImage.rootUrl,logo.type,affiliatedCompaniesResolutionResults.urn:li:fs_normalized_company:382350.followingInfo.entityUrn,affiliatedCompaniesResolutionResults.urn:li:fs_normalized_company:382350.followingInfo.dashFollowingStateUrn,affiliatedCompaniesResolutionResults.urn:li:fs_normalized_company:382350.followingInfo.following,affiliatedCompaniesResolutionResults.urn:li:fs_normalized_company:382350.followingInfo.followingType,affiliatedCompaniesResolutionResults.urn:li:fs_normalized_company:382350.followingInfo.followerCount,affiliatedCompaniesResolutionResults.urn:li:fs_normalized_company:382350.description,affiliatedCompaniesResolutionResults.urn:li:fs_normalized_company:382350.companyIndustries,affiliatedCompaniesResolutionResults.urn:li:fs_normalized_company:382350.url,affiliatedCompaniesResolutionResults.urn:li:fs_normalized_company:382350.entityUrn,affiliatedCompaniesResolutionResults.urn:li:fs_normalized_company:382350.name,affiliatedCompaniesResolutionResults.urn:li:fs_normalized_company:382350.logo.image.com.linkedin.common.VectorImage.artifacts,affiliatedCompaniesResolutionResults.urn:li:fs_normalized_company:382350.logo.image.com.linkedin.common.VectorImage.rootUrl,affiliatedCompaniesResolutionResults.urn:li:fs_normalized_company:382350.logo.type,affiliatedCompaniesResolutionResults.urn:li:fs_normalized_company:382350.paidCompany,affiliatedCompaniesResolutionResults.urn:li:fs_normalized_company:382350.showcase,affiliatedCompaniesResolutionResults.urn:li:fs_normalized_company:382350.$recipeType,affiliatedCompaniesResolutionResults.urn:li:fs_normalized_company:382350.universalName,followingInfo.entityUrn,followingInfo.dashFollowingStateUrn,followingInfo.following,followingInfo.followingType,followingInfo.followerCount,associatedHashtagsResolutionResults.urn:li:fs_contentTopicData:urn:li:hashtag:bigdata.feedTopic.topic.trending,associatedHashtagsResolutionResults.urn:li:fs_contentTopicData:urn:li:hashtag:bigdata.feedTopic.topic.name,associatedHashtagsResolutionResults.urn:li:fs_contentTopicData:urn:li:hashtag:bigdata.feedTopic.topic.useCase,associatedHashtagsResolutionResults.urn:li:fs_contentTopicData:urn:li:hashtag:bigdata.feedTopic.topic.recommendationTrackingId,associatedHashtagsResolutionResults.urn:li:fs_contentTopicData:urn:li:hashtag:bigdata.feedTopic.topic.backendUrn,associatedHashtagsResolutionResults.urn:li:fs_contentTopicData:urn:li:hashtag:bigdata.feedTopic.tracking.trackingId,associatedHashtagsResolutionResults.urn:li:fs_contentTopicData:urn:li:hashtag:bigdata.feedTopic.entityUrn,associatedHashtagsResolutionResults.urn:li:fs_contentTopicData:urn:li:hashtag:bigdata.$recipeType,associatedHashtagsResolutionResults.urn:li:fs_contentTopicData:urn:li:hashtag:bigdata.entityUrn,associatedHashtagsResolutionResults.urn:li:fs_contentTopicData:urn:li:hashtag:bigdata.followAction.followingInfo.followingType,associatedHashtagsResolutionResults.urn:li:fs_contentTopicData:urn:li:hashtag:bigdata.followAction.followingInfo.entityUrn,associatedHashtagsResolutionResults.urn:li:fs_contentTopicData:urn:li:hashtag:bigdata.followAction.followingInfo.followerCount,associatedHashtagsResolutionResults.urn:li:fs_contentTopicData:urn:li:hashtag:bigdata.followAction.followingInfo.dashFollowingStateUrn,associatedHashtagsResolutionResults.urn:li:fs_contentTopicData:urn:li:hashtag:bigdata.followAction.followingInfo.following,associatedHashtagsResolutionResults.urn:li:fs_contentTopicData:urn:li:hashtag:bigdata.followAction.followingInfo.trackingUrn,associatedHashtagsResolutionResults.urn:li:fs_contentTopicData:urn:li:hashtag:bigdata.followAction.unfollowTrackingActionType,associatedHashtagsResolutionResults.urn:li:fs_contentTopicData:urn:li:hashtag:bigdata.followAction.followTrackingActionType,associatedHashtagsResolutionResults.urn:li:fs_contentTopicData:urn:li:hashtag:bigdata.followAction.type,associatedHashtagsResolutionResults.urn:li:fs_contentTopicData:urn:li:hashtag:bigdata.followAction.trackingActionType,associatedHashtagsResolutionResults.urn:li:fs_contentTopicData:urn:li:hashtag:travel.feedTopic.topic.trending,associatedHashtagsResolutionResults.urn:li:fs_contentTopicData:urn:li:hashtag:travel.feedTopic.topic.name,associatedHashtagsResolutionResults.urn:li:fs_contentTopicData:urn:li:hashtag:travel.feedTopic.topic.useCase,associatedHashtagsResolutionResults.urn:li:fs_contentTopicData:urn:li:hashtag:travel.feedTopic.topic.recommendationTrackingId,associatedHashtagsResolutionResults.urn:li:fs_contentTopicData:urn:li:hashtag:travel.feedTopic.topic.backendUrn,associatedHashtagsResolutionResults.urn:li:fs_contentTopicData:urn:li:hashtag:travel.feedTopic.tracking.trackingId,associatedHashtagsResolutionResults.urn:li:fs_contentTopicData:urn:li:hashtag:travel.feedTopic.entityUrn,associatedHashtagsResolutionResults.urn:li:fs_contentTopicData:urn:li:hashtag:travel.$recipeType,associatedHashtagsResolutionResults.urn:li:fs_contentTopicData:urn:li:hashtag:travel.entityUrn,associatedHashtagsResolutionResults.urn:li:fs_contentTopicData:urn:li:hashtag:travel.followAction.followingInfo.followingType,associatedHashtagsResolutionResults.urn:li:fs_contentTopicData:urn:li:hashtag:travel.followAction.followingInfo.entityUrn,associatedHashtagsResolutionResults.urn:li:fs_contentTopicData:urn:li:hashtag:travel.followAction.followingInfo.followerCount,associatedHashtagsResolutionResults.urn:li:fs_contentTopicData:urn:li:hashtag:travel.followAction.followingInfo.dashFollowingStateUrn,associatedHashtagsResolutionResults.urn:li:fs_contentTopicData:urn:li:hashtag:travel.followAction.followingInfo.following,associatedHashtagsResolutionResults.urn:li:fs_contentTopicData:urn:li:hashtag:travel.followAction.followingInfo.trackingUrn,associatedHashtagsResolutionResults.urn:li:fs_contentTopicData:urn:li:hashtag:travel.followAction.unfollowTrackingActionType,associatedHashtagsResolutionResults.urn:li:fs_contentTopicData:urn:li:hashtag:travel.followAction.followTrackingActionType,associatedHashtagsResolutionResults.urn:li:fs_contentTopicData:urn:li:hashtag:travel.followAction.type,associatedHashtagsResolutionResults.urn:li:fs_contentTopicData:urn:li:hashtag:travel.followAction.trackingActionType,associatedHashtagsResolutionResults.urn:li:fs_contentTopicData:urn:li:hashtag:technology.feedTopic.topic.trending,associatedHashtagsResolutionResults.urn:li:fs_contentTopicData:urn:li:hashtag:technology.feedTopic.topic.name,associatedHashtagsResolutionResults.urn:li:fs_contentTopicData:urn:li:hashtag:technology.feedTopic.topic.useCase,associatedHashtagsResolutionResults.urn:li:fs_contentTopicData:urn:li:hashtag:technology.feedTopic.topic.recommendationTrackingId,associatedHashtagsResolutionResults.urn:li:fs_contentTopicData:urn:li:hashtag:technology.feedTopic.topic.backendUrn,associatedHashtagsResolutionResults.urn:li:fs_contentTopicData:urn:li:hashtag:technology.feedTopic.tracking.trackingId,associatedHashtagsResolutionResults.urn:li:fs_contentTopicData:urn:li:hashtag:technology.feedTopic.entityUrn,associatedHashtagsResolutionResults.urn:li:fs_contentTopicData:urn:li:hashtag:technology.$recipeType,associatedHashtagsResolutionResults.urn:li:fs_contentTopicData:urn:li:hashtag:technology.entityUrn,associatedHashtagsResolutionResults.urn:li:fs_contentTopicData:urn:li:hashtag:technology.followAction.followingInfo.followingType,associatedHashtagsResolutionResults.urn:li:fs_contentTopicData:urn:li:hashtag:technology.followAction.followingInfo.entityUrn,associatedHashtagsResolutionResults.urn:li:fs_contentTopicData:urn:li:hashtag:technology.followAction.followingInfo.followerCount,associatedHashtagsResolutionResults.urn:li:fs_contentTopicData:urn:li:hashtag:technology.followAction.followingInfo.dashFollowingStateUrn,associatedHashtagsResolutionResults.urn:li:fs_contentTopicData:urn:li:hashtag:technology.followAction.followingInfo.following,associatedHashtagsResolutionResults.urn:li:fs_contentTopicData:urn:li:hashtag:technology.followAction.followingInfo.trackingUrn,associatedHashtagsResolutionResults.urn:li:fs_contentTopicData:urn:li:hashtag:technology.followAction.unfollowTrackingActionType,associatedHashtagsResolutionResults.urn:li:fs_contentTopicData:urn:li:hashtag:technology.followAction.followTrackingActionType,associatedHashtagsResolutionResults.urn:li:fs_contentTopicData:urn:li:hashtag:technology.followAction.type,associatedHashtagsResolutionResults.urn:li:fs_contentTopicData:urn:li:hashtag:technology.followAction.trackingActionType,overviewPhoto.com.linkedin.common.VectorImage.artifacts,overviewPhoto.com.linkedin.common.VectorImage.rootUrl,multiLocaleTaglines.localized.en_US,multiLocaleTaglines.preferredLocale.country,multiLocaleTaglines.preferredLocale.language,headquarter.country,headquarter.city,headquarter.postalCode,headquarter.line1,showcasePagesResolutionResults.urn:li:fs_normalized_company:33226437.followingInfo.entityUrn,showcasePagesResolutionResults.urn:li:fs_normalized_company:33226437.followingInfo.dashFollowingStateUrn,showcasePagesResolutionResults.urn:li:fs_normalized_company:33226437.followingInfo.following,showcasePagesResolutionResults.urn:li:fs_normalized_company:33226437.followingInfo.followingType,showcasePagesResolutionResults.urn:li:fs_normalized_company:33226437.followingInfo.followerCount,showcasePagesResolutionResults.urn:li:fs_normalized_company:33226437.description,showcasePagesResolutionResults.urn:li:fs_normalized_company:33226437.companyIndustries,showcasePagesResolutionResults.urn:li:fs_normalized_company:33226437.url,showcasePagesResolutionResults.urn:li:fs_normalized_company:33226437.entityUrn,showcasePagesResolutionResults.urn:li:fs_normalized_company:33226437.name,showcasePagesResolutionResults.urn:li:fs_normalized_company:33226437.logo.image.com.linkedin.common.VectorImage.artifacts,showcasePagesResolutionResults.urn:li:fs_normalized_company:33226437.logo.image.com.linkedin.common.VectorImage.rootUrl,showcasePagesResolutionResults.urn:li:fs_normalized_company:33226437.logo.type,showcasePagesResolutionResults.urn:li:fs_normalized_company:33226437.paidCompany,showcasePagesResolutionResults.urn:li:fs_normalized_company:33226437.showcase,showcasePagesResolutionResults.urn:li:fs_normalized_company:33226437.$recipeType,showcasePagesResolutionResults.urn:li:fs_normalized_company:33226437.universalName,showcasePagesResolutionResults.urn:li:fs_normalized_company:20741.followingInfo.entityUrn,showcasePagesResolutionResults.urn:li:fs_normalized_company:20741.followingInfo.dashFollowingStateUrn,showcasePagesResolutionResults.urn:li:fs_normalized_company:20741.followingInfo.following,showcasePagesResolutionResults.urn:li:fs_normalized_company:20741.followingInfo.followingType,showcasePagesResolutionResults.urn:li:fs_normalized_company:20741.followingInfo.followerCount,showcasePagesResolutionResults.urn:li:fs_normalized_company:20741.description,showcasePagesResolutionResults.urn:li:fs_normalized_company:20741.companyIndustries,showcasePagesResolutionResults.urn:li:fs_normalized_company:20741.url,showcasePagesResolutionResults.urn:li:fs_normalized_company:20741.entityUrn,showcasePagesResolutionResults.urn:li:fs_normalized_company:20741.name,showcasePagesResolutionResults.urn:li:fs_normalized_company:20741.logo.image.com.linkedin.common.VectorImage.artifacts,showcasePagesResolutionResults.urn:li:fs_normalized_company:20741.logo.image.com.linkedin.common.VectorImage.rootUrl,showcasePagesResolutionResults.urn:li:fs_normalized_company:20741.logo.type,showcasePagesResolutionResults.urn:li:fs_normalized_company:20741.paidCompany,showcasePagesResolutionResults.urn:li:fs_normalized_company:20741.showcase,showcasePagesResolutionResults.urn:li:fs_normalized_company:20741.$recipeType,showcasePagesResolutionResults.urn:li:fs_normalized_company:20741.universalName,showcasePagesResolutionResults.urn:li:fs_normalized_company:18682397.followingInfo.entityUrn,showcasePagesResolutionResults.urn:li:fs_normalized_company:18682397.followingInfo.dashFollowingStateUrn,showcasePagesResolutionResults.urn:li:fs_normalized_company:18682397.followingInfo.following,showcasePagesResolutionResults.urn:li:fs_normalized_company:18682397.followingInfo.followingType,showcasePagesResolutionResults.urn:li:fs_normalized_company:18682397.followingInfo.followerCount,showcasePagesResolutionResults.urn:li:fs_normalized_company:18682397.description,showcasePagesResolutionResults.urn:li:fs_normalized_company:18682397.companyIndustries,showcasePagesResolutionResults.urn:li:fs_normalized_company:18682397.url,showcasePagesResolutionResults.urn:li:fs_normalized_company:18682397.entityUrn,showcasePagesResolutionResults.urn:li:fs_normalized_company:18682397.name,showcasePagesResolutionResults.urn:li:fs_normalized_company:18682397.logo.image.com.linkedin.common.VectorImage.artifacts,showcasePagesResolutionResults.urn:li:fs_normalized_company:18682397.logo.image.com.linkedin.common.VectorImage.rootUrl,showcasePagesResolutionResults.urn:li:fs_normalized_company:18682397.logo.type,showcasePagesResolutionResults.urn:li:fs_normalized_company:18682397.paidCompany,showcasePagesResolutionResults.urn:li:fs_normalized_company:18682397.showcase,showcasePagesResolutionResults.urn:li:fs_normalized_company:18682397.$recipeType,showcasePagesResolutionResults.urn:li:fs_normalized_company:18682397.universalName,showcasePagesResolutionResults.urn:li:fs_normalized_company:38279.followingInfo.entityUrn,showcasePagesResolutionResults.urn:li:fs_normalized_company:38279.followingInfo.dashFollowingStateUrn,showcasePagesResolutionResults.urn:li:fs_normalized_company:38279.followingInfo.following,showcasePagesResolutionResults.urn:li:fs_normalized_company:38279.followingInfo.followingType,showcasePagesResolutionResults.urn:li:fs_normalized_company:38279.followingInfo.followerCount,showcasePagesResolutionResults.urn:li:fs_normalized_company:38279.description,showcasePagesResolutionResults.urn:li:fs_normalized_company:38279.companyIndustries,showcasePagesResolutionResults.urn:li:fs_normalized_company:38279.url,showcasePagesResolutionResults.urn:li:fs_normalized_company:38279.entityUrn,showcasePagesResolutionResults.urn:li:fs_normalized_company:38279.name,showcasePagesResolutionResults.urn:li:fs_normalized_company:38279.logo.image.com.linkedin.common.VectorImage.artifacts,showcasePagesResolutionResults.urn:li:fs_normalized_company:38279.logo.image.com.linkedin.common.VectorImage.rootUrl,showcasePagesResolutionResults.urn:li:fs_normalized_company:38279.logo.type,showcasePagesResolutionResults.urn:li:fs_normalized_company:38279.paidCompany,showcasePagesResolutionResults.urn:li:fs_normalized_company:38279.showcase,showcasePagesResolutionResults.urn:li:fs_normalized_company:38279.$recipeType,showcasePagesResolutionResults.urn:li:fs_normalized_company:38279.universalName,showcasePagesResolutionResults.urn:li:fs_normalized_company:18650804.followingInfo.entityUrn,showcasePagesResolutionResults.urn:li:fs_normalized_company:18650804.followingInfo.dashFollowingStateUrn,showcasePagesResolutionResults.urn:li:fs_normalized_company:18650804.followingInfo.following,showcasePagesResolutionResults.urn:li:fs_normalized_company:18650804.followingInfo.followingType,showcasePagesResolutionResults.urn:li:fs_normalized_company:18650804.followingInfo.followerCount,showcasePagesResolutionResults.urn:li:fs_normalized_company:18650804.description,showcasePagesResolutionResults.urn:li:fs_normalized_company:18650804.companyIndustries,showcasePagesResolutionResults.urn:li:fs_normalized_company:18650804.url,showcasePagesResolutionResults.urn:li:fs_normalized_company:18650804.entityUrn,showcasePagesResolutionResults.urn:li:fs_normalized_company:18650804.name,showcasePagesResolutionResults.urn:li:fs_normalized_company:18650804.logo.image.com.linkedin.common.VectorImage.artifacts,showcasePagesResolutionResults.urn:li:fs_normalized_company:18650804.logo.image.com.linkedin.common.VectorImage.rootUrl,showcasePagesResolutionResults.urn:li:fs_normalized_company:18650804.logo.type,showcasePagesResolutionResults.urn:li:fs_normalized_company:18650804.paidCompany,showcasePagesResolutionResults.urn:li:fs_normalized_company:18650804.showcase,showcasePagesResolutionResults.urn:li:fs_normalized_company:18650804.$recipeType,showcasePagesResolutionResults.urn:li:fs_normalized_company:18650804.universalName,showcasePagesResolutionResults.urn:li:fs_normalized_company:134168.followingInfo.entityUrn,showcasePagesResolutionResults.urn:li:fs_normalized_company:134168.followingInfo.dashFollowingStateUrn,showcasePagesResolutionResults.urn:li:fs_normalized_company:134168.followingInfo.following,showcasePagesResolutionResults.urn:li:fs_normalized_company:134168.followingInfo.followingType,showcasePagesResolutionResults.urn:li:fs_normalized_company:134168.followingInfo.followerCount,showcasePagesResolutionResults.urn:li:fs_normalized_company:134168.description,showcasePagesResolutionResults.urn:li:fs_normalized_company:134168.companyIndustries,showcasePagesResolutionResults.urn:li:fs_normalized_company:134168.url,showcasePagesResolutionResults.urn:li:fs_normalized_company:134168.entityUrn,showcasePagesResolutionResults.urn:li:fs_normalized_company:134168.name,showcasePagesResolutionResults.urn:li:fs_normalized_company:134168.logo.image.com.linkedin.common.VectorImage.artifacts,showcasePagesResolutionResults.urn:li:fs_normalized_company:134168.logo.image.com.linkedin.common.VectorImage.rootUrl,showcasePagesResolutionResults.urn:li:fs_normalized_company:134168.logo.type,showcasePagesResolutionResults.urn:li:fs_normalized_company:134168.paidCompany,showcasePagesResolutionResults.urn:li:fs_normalized_company:134168.showcase,showcasePagesResolutionResults.urn:li:fs_normalized_company:134168.$recipeType,showcasePagesResolutionResults.urn:li:fs_normalized_company:134168.universalName,showcasePagesResolutionResults.urn:li:fs_normalized_company:7883.followingInfo.entityUrn,showcasePagesResolutionResults.urn:li:fs_normalized_company:7883.followingInfo.dashFollowingStateUrn,showcasePagesResolutionResults.urn:li:fs_normalized_company:7883.followingInfo.following,showcasePagesResolutionResults.urn:li:fs_normalized_company:7883.followingInfo.followingType,showcasePagesResolutionResults.urn:li:fs_normalized_company:7883.followingInfo.followerCount,showcasePagesResolutionResults.urn:li:fs_normalized_company:7883.description,showcasePagesResolutionResults.urn:li:fs_normalized_company:7883.companyIndustries,showcasePagesResolutionResults.urn:li:fs_normalized_company:7883.url,showcasePagesResolutionResults.urn:li:fs_normalized_company:7883.entityUrn,showcasePagesResolutionResults.urn:li:fs_normalized_company:7883.name,showcasePagesResolutionResults.urn:li:fs_normalized_company:7883.logo.image.com.linkedin.common.VectorImage.artifacts,showcasePagesResolutionResults.urn:li:fs_normalized_company:7883.logo.image.com.linkedin.common.VectorImage.rootUrl,showcasePagesResolutionResults.urn:li:fs_normalized_company:7883.logo.type,showcasePagesResolutionResults.urn:li:fs_normalized_company:7883.paidCompany,showcasePagesResolutionResults.urn:li:fs_normalized_company:7883.showcase,showcasePagesResolutionResults.urn:li:fs_normalized_company:7883.$recipeType,showcasePagesResolutionResults.urn:li:fs_normalized_company:7883.universalName,foundedOn.year,companyType.localizedName,companyType.code,coverPhoto.com.linkedin.voyager.common.MediaProcessorImage.id,backgroundCoverImage.image.com.linkedin.common.VectorImage.artifacts,backgroundCoverImage.image.com.linkedin.common.VectorImage.rootUrl,backgroundCoverImage.cropInfo.x,backgroundCoverImage.cropInfo.width,backgroundCoverImage.cropInfo.y,backgroundCoverImage.cropInfo.height
0,False,"[{'localizedName': 'Leisure, Travel & Tourism', 'entityUrn': 'urn:li:fs_industry:30'}]",1428,STANDARD,https://www.linkedin.com/vsearch/p?f_CC=2289716,False,False,"['travel', 'flights (regular, charter, low cost)', 'car rental', 'cruises', 'vacation packages', 'travel insurance', 'advertising', 'Prime', 'AI', 'Technology', 'Innovation', 'Diversity']","[{'country': 'ES', 'city': 'Barcelona', 'postalCode': '08009', 'description': 'eDreams ODIGEO Barcelona', 'streetAddressOptOut': False, 'headquarter': True, 'line1': '67, Bailen'}, {'country': 'FR', 'geographicArea': 'Ile-de-France', 'city': 'Paris', 'postalCode': '75008', 'description': 'eDreams ODIGEO Paris', 'streetAddressOptOut': False, 'headquarter': False, 'line1': '11, Avenue Delcassé'}, {'country': 'DE', 'city': 'Hamburg', 'postalCode': '20354', 'description': 'eDreams ODIGEO Hamburg', 'streetAddressOptOut': False, 'headquarter': False, 'line1': 'Büschstr. 12'}, {'country': 'GB', 'geographicArea': 'GB', 'city': 'London', 'postalCode': 'W6 7BA', 'description': 'eDreams ODIGEO London', 'streetAddressOptOut': False, 'headquarter': False, 'line1': '26-28 Hammersmith Grove'}, {'country': 'IT', 'geographicArea': 'Lombardy', 'city': 'Milan', 'postalCode': '20124', 'description': 'eDreams ODIGEO Milan', 'streetAddressOptOut': False, 'headquarter': False, 'line1': 'Via San Gregorio, 34'}]",False,[],True,[],eDreams ODIGEO,"We are shaping the way people travel today and tomorrow. Our passion is travel, our business is technology. #WeFlyHigh",com.linkedin.voyager.deco.organization.web.WebFullCompanyMain,"eDreams ODIGEO is one of the world's largest online travel companies and one of the largest European e-commerce businesses. Under its four leading online travel agency brands – eDreams, GO Voyages, Opodo, Travellink, and the metasearch engine Liligo – it offers the best deals in regular flights, low-cost airlines, hotels, cruises, car rental, dynamic packages, holiday packages and travel insurance as well as innovative services such as Prime, the very first subscription programme ever created in travel, to make travel easier, more accessible, and better value for the more than 17 million customers it serves across 45 markets. eDreams ODIGEO is listed in the Spanish Stock Market.

Because we are growing rapidly globally, we are covering more and more regions. As a result, we are culturally diverse, with more than 65 different nationalities represented throughout the group.

#WE FLY HIGH
#WE SET THE PATH
#WE JOURNEY TOGETHER
#WE EXPLORE ... GROW AND DISCOVER!

",urn:li:fs_normalized_company:2289716,True,edreamsodigeo,False,http://www.edreamsodigeo.com,False,['urn:li:fs_normalized_company:382350'],-1,"['urn:li:fs_contentTopicData:urn:li:hashtag:technology', 'urn:li:fs_contentTopicData:urn:li:hashtag:travel', 'urn:li:fs_contentTopicData:urn:li:hashtag:bigdata']",[],https://www.linkedin.com/company/edreamsodigeo,"['urn:li:fs_normalized_company:18682397', 'urn:li:fs_normalized_company:20741', 'urn:li:fs_normalized_company:38279', 'urn:li:fs_normalized_company:18650804', 'urn:li:fs_normalized_company:134168', 'urn:li:fs_normalized_company:7883', 'urn:li:fs_normalized_company:33226437']",False,https://www.linkedin.com/jobs/search?geoId=92000000&f_C=2289716,False,False,VIEW_WEBSITE,True,USER_LOCALE,Visit website,http://www.edreamsodigeo.com,1001,5000,False,False,False,"[{'width': 200, 'fileIdentifyingUrlPathSegment': '200_200/0/1636636337161?e=1645660800&v=beta&t=v252swbk7Y-EyML6C4H_84uW6-eLO-JpKKV3hv26E2c', 'expiresAt': 1645660800000, 'height': 200}, {'width': 100, 'fileIdentifyingUrlPathSegment': '100_100/0/1636636337161?e=1645660800&v=beta&t=r4zIEt6LbVAoWzuhwDXM12tkxbwRmCDdu2bkym9xxbo', 'expiresAt': 1645660800000, 'height': 100}, {'width': 400, 'fileIdentifyingUrlPathSegment': '400_400/0/1636636337161?e=1645660800&v=beta&t=Lxl8eVq_xN5pvawfkg4FzbdooglSXgEzaanDP4QFxnQ', 'expiresAt': 1645660800000, 'height': 400}]",https://media-exp1.licdn.com/dms/image/C4E0BAQG3eTvfVfOoew/company-logo_,SQUARE_LOGO,urn:li:fs_followingInfo:urn:li:company:382350,urn:li:fsd_followingState:urn:li:fsd_company:382350,False,DEFAULT,3762,"Liligo is a travel search engine which instantly compares available flights on websites of travel agencies and airlines, including low cost companies. Under this brand, we compare car rental deals and hotel rooms as well.

We got offices in Paris, Budapest and Barcelona with a presence across 4 continents.

Our plan is to steadily improve both our technology and our business, so we are looking for talented people who are passionate and motivated about making an impact and helping us change the world by empowering consumers to find the best travel deals across the web.

Liligo is part of eDreams ODIGEO, one of the world's largest online travel companies and one of the largest European e-commerce businesses. Under its four leading online travel agency brands – eDreams, GO Voyages, Opodo, Travellink, and the metasearch engine Liligo – it offers the best deals in regular flights, low-cost airlines, hotels, cruises, car rental, dynamic packages, holiday packages and travel insurance to make travel easier, more accessible, and better value for the more than 18,5 million customers it serves across 43 markets. eDreams ODIGEO is listed in the Spanish Stock Market.","[{'localizedName': 'Leisure, Travel & Tourism', 'entityUrn': 'urn:li:fs_industry:30'}]",https://www.linkedin.com/company/liligo-com,urn:li:fs_normalized_company:382350,Liligo,"[{'width': 200, 'fileIdentifyingUrlPathSegment': '200_200/0/1582721517005?e=1645660800&v=beta&t=jARV114yXuGvuxNY3Qa1IfAb2A1yuCF5pzd9g1cXDVA', 'expiresAt': 1645660800000, 'height': 200}, {'width': 100, 'fileIdentifyingUrlPathSegment': '100_100/0/1582721517005?e=1645660800&v=beta&t=c7PG4gtyREgYmr7foHPPJ7IJMweppNdYL9vNCkY5f_c', 'expiresAt': 1645660800000, 'height': 100}, {'width': 400, 'fileIdentifyingUrlPathSegment': '400_400/0/1582721517005?e=1645660800&v=beta&t=WKXnaCxjpI-iLsdYmDxr4HAKaxOvWLY2iIcVWfYxkQU', 'expiresAt': 1645660800000, 'height': 400}]",https://media-exp1.licdn.com/dms/image/C4D0BAQFx8y7Lj7STRw/company-logo_,SQUARE_LOGO,False,False,com.linkedin.voyager.deco.organization.web.WebCompanyCard,liligo-com,urn:li:fs_followingInfo:urn:li:company:2289716,urn:li:fsd_followingState:urn:li:fsd_company:2289716,False,DEFAULT,37236,False,#bigdata,HASHTAG_FEED,"qqiOÍ	NkÂL É&F",urn:li:hashtag:bigdata,cXFpT80JTmuFwgFMAMkmRg==,"urn:li:fs_feedTopic:(urn:li:hashtag:bigdata,HASHTAG_FEED)",com.linkedin.voyager.deco.organization.web.WebContentTopicDataCard,urn:li:fs_contentTopicData:urn:li:hashtag:bigdata,DEFAULT,urn:li:fs_followingInfo:urn:li:hashtag:bigdata,7130443,urn:li:fsd_followingState:urn:li:fsd_hashtag:bigdata,False,urn:li:hashtag:bigdata,unfollowTopic,followTopic,FOLLOW_TOGGLE,followTopic,False,#travel,HASHTAG_FEED,.$ÿ®åOö¸Ð¹ë],urn:li:hashtag:travel,mC4k/67lT/a4jdC565p/XQ==,"urn:li:fs_feedTopic:(urn:li:hashtag:travel,HASHTAG_FEED)",com.linkedin.voyager.deco.organization.web.WebContentTopicDataCard,urn:li:fs_contentTopicData:urn:li:hashtag:travel,DEFAULT,urn:li:fs_followingInfo:urn:li:hashtag:travel,6993746,urn:li:fsd_followingState:urn:li:fsd_hashtag:travel,False,urn:li:hashtag:travel,unfollowTopic,followTopic,FOLLOW_TOGGLE,followTopic,False,#technology,HASHTAG_FEED,úc1eDV»ÒQvæ÷,urn:li:hashtag:technology,+gxjMZtlRFa70lF2leYB9w==,"urn:li:fs_feedTopic:(urn:li:hashtag:technology,HASHTAG_FEED)",com.linkedin.voyager.deco.organization.web.WebContentTopicDataCard,urn:li:fs_contentTopicData:urn:li:hashtag:technology,DEFAULT,urn:li:fs_followingInfo:urn:li:hashtag:technology,26434066,urn:li:fsd_followingState:urn:li:fsd_hashtag:technology,False,urn:li:hashtag:technology,unfollowTopic,followTopic,FOLLOW_TOGGLE,followTopic,"[{'width': 900, 'fileIdentifyingUrlPathSegment': 'https://media-exp1.licdn.com/dms/image/C4D1CAQFjvqLA3AO9Dg/company-overview_900_300/0/1525342053489?e=1637409600&v=beta&t=_jTQlyEjAtNFrw50_AB347zPx93_mam0j2pzO5KvJ3g', 'expiresAt': 1637409600000, 'height': 300}]",,"We are shaping the way people travel today and tomorrow. Our passion is travel, our business is technology. #WeFlyHigh",US,en,ES,Barcelona,08009,"67, Bailen",urn:li:fs_followingInfo:urn:li:company:33226437,urn:li:fsd_followingState:urn:li:fsd_company:33226437,False,DEFAULT,813,"eDreams ODIGEO Connect is the platform created for hoteliers to help them advertise their hotel, B&B or apartment on eDreams ODIGEO brands (eDreams, Opodo, GoVoyages and Travellink) in a package offer. 

Properties are displayed to travellers in combination with a flight.","[{'localizedName': 'Leisure, Travel & Tourism', 'entityUrn': 'urn:li:fs_industry:30'}]",https://www.linkedin.com/showcase/edreams-odigeo-connect,urn:li:fs_normalized_company:33226437,eDreams ODIGEO Connect,"[{'width': 200, 'fileIdentifyingUrlPathSegment': '200_200/0/1578389567658?e=1645660800&v=beta&t=uQiRKCCZNPp6uYIIK3CxxYOHrcD8b65kgCDt2wyGmWQ', 'expiresAt': 1645660800000, 'height': 200}, {'width': 100, 'fileIdentifyingUrlPathSegment': '100_100/0/1578389567658?e=1645660800&v=beta&t=KaFJa3RKrfOxmMk5gDpitKl6kZFJV12xx2tf2KMhEUc', 'expiresAt': 1645660800000, 'height': 100}, {'width': 400, 'fileIdentifyingUrlPathSegment': '400_400/0/1578389567658?e=1645660800&v=beta&t=Z_I-GlyKWXT_ZX1lQdi_WMWDqiyevHiWNBxnsZM880I', 'expiresAt': 1645660800000, 'height': 400}]",https://media-exp1.licdn.com/dms/image/C560BAQHjAXtJezYTrw/company-logo_,SQUARE_LOGO,False,True,com.linkedin.voyager.deco.organization.web.WebCompanyCard,edreams-odigeo-connect,urn:li:fs_followingInfo:urn:li:company:20741,urn:li:fsd_followingState:urn:li:fsd_company:20741,False,DEFAULT,55179,"eDreams is the largest independent european online travel agency. Its head-office is situated in Barcelona, Spain. eDreams focuses on offering the best selection of flights, hotels and vacation packag","[{'localizedName': 'Leisure, Travel & Tourism', 'entityUrn': 'urn:li:fs_industry:30'}]",https://www.linkedin.com/showcase/edreams,urn:li:fs_normalized_company:20741,eDreams,"[{'width': 200, 'fileIdentifyingUrlPathSegment': '200_200/0/1519856165327?e=1645660800&v=beta&t=1ZmoQCyNz0U-KmzrZLfjPXy6SVw3rmKKDvYLcgDF0w8', 'expiresAt': 1645660800000, 'height': 200}, {'width': 100, 'fileIdentifyingUrlPathSegment': '100_100/0/1519856165327?e=1645660800&v=beta&t=zPWx4DecgKS2rAljaEVIO5Qghx7fxajnlzyT1Z7WwVw', 'expiresAt': 1645660800000, 'height': 100}, {'width': 400, 'fileIdentifyingUrlPathSegment': '400_400/0/1519856165327?e=1645660800&v=beta&t=1Otcv9J8Ryrjb2fj6LeESR8wt5ARtCeK0IQon3VtVK4', 'expiresAt': 1645660800000, 'height': 400}]",https://media-exp1.licdn.com/dms/image/C4D0BAQHifHiiWvRTcg/company-logo_,SQUARE_LOGO,False,True,com.linkedin.voyager.deco.organization.web.WebCompanyCard,edreams,urn:li:fs_followingInfo:urn:li:company:18682397,urn:li:fsd_followingState:urn:li:fsd_company:18682397,False,DEFAULT,200,"Who are we?

Our airline relationship managers are all experienced airliners

We understand your objectives and your challenges. We are experts supporting your sales growth.


Why work with us? 

PERFORMANCE DATA

Our data intelligence and analysis is fully adapted to provide rich performance information to airlines.

Our huge volumes allow us to benchmark airlines versus their competitors within the industry.

Our data reach is representative for Europe, including Low Cost and Airline Mix


AIR FARES

We have a dedicated fare expert team.

We can load your fares, which decreases time-to-market and can reduce your costs.

We promote all kinds of special fares, such as APP fares, Prime fares, mobile-fares, package-fares, seat-only exclusive fares, dynamic discounts.


SALES

We provide different steering methods to our partner airlines, including real-time-yield-management.

If you have distressed inventory, we can fill planes at short notice.

We boost your ancillary sales.


ECOMMERCE SERVICES & TECHNOLOGY

We power your website from A-Z with the most sophisticated technology and methods.

We deliver special services to your eCommerce area like fraud protection services, user experience services, agile set-up masterclasses.

 
Contact us: air.supply@edreamsodigeo.com","[{'localizedName': 'Leisure, Travel & Tourism', 'entityUrn': 'urn:li:fs_industry:30'}]",https://www.linkedin.com/showcase/edo-air-supply,urn:li:fs_normalized_company:18682397,eDreams ODIGEO Air Supply,"[{'width': 200, 'fileIdentifyingUrlPathSegment': '200_200/0/1529478253764?e=1645660800&v=beta&t=iO30YiUl459aFvZHF4GjFcFV9Da01zw13eV8vnfD43s', 'expiresAt': 1645660800000, 'height': 200}, {'width': 100, 'fileIdentifyingUrlPathSegment': '100_100/0/1529478253764?e=1645660800&v=beta&t=DNux0fLuv87lojuW3hTX2On8Ny_PCP5yScfkzc7x_cE', 'expiresAt': 1645660800000, 'height': 100}, {'width': 400, 'fileIdentifyingUrlPathSegment': '400_400/0/1529478253764?e=1645660800&v=beta&t=Kk1MIrP-8Di7i5pBTjIN8WcjYd87iJSLaxhFKOa78yk', 'expiresAt': 1645660800000, 'height': 400}]",https://media-exp1.licdn.com/dms/image/C560BAQHbR9-16POGPw/company-logo_,SQUARE_LOGO,False,True,com.linkedin.voyager.deco.organization.web.WebCompanyCard,edo-air-supply,urn:li:fs_followingInfo:urn:li:company:38279,urn:li:fsd_followingState:urn:li:fsd_company:38279,False,DEFAULT,2215,"Travellink är Nordens ledande internetresebyrå med verksamhet i Sverige, Norge, Danmark och Finland. Travellink säljer flygresor från 440 olika flygbolag och över 460 000 hotell till mer än 40 000 des","[{'localizedName': 'Leisure, Travel & Tourism', 'entityUrn': 'urn:li:fs_industry:30'}]",https://www.linkedin.com/showcase/travellink,urn:li:fs_normalized_company:38279,Travellink,"[{'width': 200, 'fileIdentifyingUrlPathSegment': '200_200/0/1519856993241?e=1645660800&v=beta&t=5B9t0FmmcmlaPEAsZ-fzza4XEkueVpuv1v3YO5Xp498', 'expiresAt': 1645660800000, 'height': 200}, {'width': 100, 'fileIdentifyingUrlPathSegment': '100_100/0/1519856993241?e=1645660800&v=beta&t=u3xwM2D9wpxaRt2b67SIAnEwV82p--A3wt12rbS1mE0', 'expiresAt': 1645660800000, 'height': 100}, {'width': 400, 'fileIdentifyingUrlPathSegment': '400_400/0/1519856993241?e=1645660800&v=beta&t=5XrIOdLHoGHNEDvIHs9Z3s5aGodiPQGMH5WLh0wYLm0', 'expiresAt': 1645660800000, 'height': 400}]",https://media-exp1.licdn.com/dms/image/C510BAQEiYKtLGNS7ww/company-logo_,SQUARE_LOGO,False,True,com.linkedin.voyager.deco.organization.web.WebCompanyCard,travellink,urn:li:fs_followingInfo:urn:li:company:18650804,urn:li:fsd_followingState:urn:li:fsd_company:18650804,False,DEFAULT,304,"We are Global experts in advertising content and digital marketing. 

With teams situated across the key markets in Europe, the eDreams ODIGEO Media Services team offers solution oriented and tailored marketing plans to meet a variety of client needs.

eDreams ODIGEO offers a multitude of ways to reach potential customers, from branding and performance campaigns across our global domains, to audience extension campaigns using our qualified data to reach relevant audiences.

For more information, or to contact one of our experts and find out how we can help you grow your business please visit https://advertising.edreamsodigeo.com/","[{'localizedName': 'Marketing & Advertising', 'entityUrn': 'urn:li:fs_industry:80'}]",https://www.linkedin.com/showcase/edo-media-services,urn:li:fs_normalized_company:18650804,eDreams ODIGEO Media Services,"[{'width': 200, 'fileIdentifyingUrlPathSegment': '200_200/0/1527247401516?e=1645660800&v=beta&t=VKp_b0Bw9RamxIzPEVbSwM85q7Fpt36vjFBiXGY_6F8', 'expiresAt': 1645660800000, 'height': 200}, {'width': 100, 'fileIdentifyingUrlPathSegment': '100_100/0/1527247401516?e=1645660800&v=beta&t=O17MkwKy4VVUR8eyhJf5iKekLsPXm3yFmjw8exZXfXI', 'expiresAt': 1645660800000, 'height': 100}, {'width': 400, 'fileIdentifyingUrlPathSegment': '400_400/0/1527247401516?e=1645660800&v=beta&t=Bna_3IUbVZk5V1zrm6T6Vu1jHrDJUlQ6ar2DN_X44Rw', 'expiresAt': 1645660800000, 'height': 400}]",https://media-exp1.licdn.com/dms/image/C560BAQGHgTJXe1PZPQ/company-logo_,SQUARE_LOGO,False,True,com.linkedin.voyager.deco.organization.web.WebCompanyCard,edo-media-services,urn:li:fs_followingInfo:urn:li:company:134168,urn:li:fsd_followingState:urn:li:fsd_company:134168,False,DEFAULT,3841,"Partez en vacances avec GO Voyages, l’agence de voyage en ligne leader en France : en partenariat avec plus de 500 compagnies aériennes, elle propose les billets d’avion les plus avantageux du marché ","[{'localizedName': 'Leisure, Travel & Tourism', 'entityUrn': 'urn:li:fs_industry:30'}]",https://www.linkedin.com/showcase/go-voyages,urn:li:fs_normalized_company:134168,GO Voyages,"[{'width': 200, 'fileIdentifyingUrlPathSegment': '200_200/0/1519902987614?e=1645660800&v=beta&t=s0M0bjRDPt3XpmCJmhjmwMtgepx9ZgPjTjgH4JqXoDc', 'expiresAt': 1645660800000, 'height': 200}, {'width': 100, 'fileIdentifyingUrlPathSegment': '100_100/0/1519902987614?e=1645660800&v=beta&t=jFsATkngMa6gWDfX22nS_JIJr75apj6RE2AmC5H7Yxk', 'expiresAt': 1645660800000, 'height': 100}, {'width': 400, 'fileIdentifyingUrlPathSegment': '400_400/0/1519902987614?e=1645660800&v=beta&t=fqRSgkNXxjUWOIE5vv5SKewUbfmVAS_HiK_M3rnsbTw', 'expiresAt': 1645660800000, 'height': 400}]",https://media-exp1.licdn.com/dms/image/C560BAQHf3QPgxjNQGg/company-logo_,SQUARE_LOGO,False,True,com.linkedin.voyager.deco.organization.web.WebCompanyCard,go-voyages,urn:li:fs_followingInfo:urn:li:company:7883,urn:li:fsd_followingState:urn:li:fsd_company:7883,False,DEFAULT,8869,"Opodo is a leading pan-European online travel agency specialising in worldwide travel. 
It was founded by nine of Europe's top airlines and is part of the eDreams ODIGEO Group which also encompasses ","[{'localizedName': 'Leisure, Travel & Tourism', 'entityUrn': 'urn:li:fs_industry:30'}]",https://www.linkedin.com/showcase/opodo,urn:li:fs_normalized_company:7883,Opodo,"[{'width': 200, 'fileIdentifyingUrlPathSegment': '200_200/0/1519856136471?e=1645660800&v=beta&t=4bjFE9i6bOiiVxsJmAWIbl69UWRqayVxz8qA1LbP_Zg', 'expiresAt': 1645660800000, 'height': 200}, {'width': 100, 'fileIdentifyingUrlPathSegment': '100_100/0/1519856136471?e=1645660800&v=beta&t=ixmXPVRJ-W3-IJlv9PZ-Lv_ppjWXqzY_p6VId97MgFg', 'expiresAt': 1645660800000, 'height': 100}, {'width': 400, 'fileIdentifyingUrlPathSegment': '400_400/0/1519856136471?e=1645660800&v=beta&t=OosjfHGWKwrkKqqSSFcdZYG8Za4oA9cABYr0kvStMWM', 'expiresAt': 1645660800000, 'height': 400}]",https://media-exp1.licdn.com/dms/image/C4E0BAQFUyP636gkY-Q/company-logo_,SQUARE_LOGO,False,True,com.linkedin.voyager.deco.organization.web.WebCompanyCard,opodo,2000,Public Company,PUBLIC_COMPANY,/AAEAAQAAAAAAAAezAAAAJDEwOWFmZGVlLTZhM2ItNDgwYi04ZjRmLWJhMzljOGY5NWM1Zg.png,"[{'width': 10000, 'fileIdentifyingUrlPathSegment': '10000/0/1637141955565?e=1637409600&v=beta&t=fYb7N8TMxobTrN50NkX21_tdpIne0xNrrYcTMnAJk8Y', 'expiresAt': 1637409600000, 'height': 10000}, {'width': 400, 'fileIdentifyingUrlPathSegment': '400/0/1637141955565?e=1637409600&v=beta&t=1wmrZQAFfttuhHyHH1pNS3o-D3FTahG_gXmagslWbvk', 'expiresAt': 1637409600000, 'height': 400}, {'width': 200, 'fileIdentifyingUrlPathSegment': '200/0/1637141955565?e=1637409600&v=beta&t=Wy_uFaLgwBeW3wY77TUbdNtap0o0RD3A6SotgCkgXaw', 'expiresAt': 1637409600000, 'height': 200}]",https://media-exp1.licdn.com/dms/image/C4E1BAQFnOqjtd8Z4VA/company-background_,0,1536,60,260
