,juego,reseña
0,7 Wonders,https://misutmeeple.com/2013/02/resena-7-wonders/
1,7 Wonders Duel,https://misutmeeple.com/2015/12/resena-7-wonders-duel/
2,7 Wonders Duel: Pantheon,https://misutmeeple.com/2018/06/resena-7-wonders-duel-pantheon/
3,10' to Kill,https://misutmeeple.com/2017/09/resena-10-to-kill/
4,13 Días: La Crisis de los Misiles de Cuba,https://misutmeeple.com/2019/06/resena-13-dias-la-crisis-de-los-misiles-de-cuba/
5,51st State: Master Set,https://misutmeeple.com/2019/07/resena-51st-state-master-set/
6,1906 San Francisco,https://misutmeeple.com/2018/11/resena-1906-san-francisco/
7,1911 Amundsen Vs. Scott,https://misutmeeple.com/2013/11/resena-1911-amundsen-vs-scott/
8,1987 Channel Tunnel,https://misutmeeple.com/2019/12/resena-1987-channel-tunnel/
9,MegaCity: Oceania,https://misutmeeple.com/2021/04/resena-megacity-oceania/
10,A Few Acres of Snow,https://misutmeeple.com/2017/09/resena-a-few-acres-of-snow/
11,A las Puertas de Loyang,https://misutmeeple.com/2015/06/resena-at-the-gates-of-loyang/
12,A Study in Emerald (1ª Ed.),https://misutmeeple.com/2018/06/resena-a-study-in-emerald-1a-ed/
13,¡A Todo Tren!,https://misutmeeple.com/2018/09/resena-a-todo-tren/
14,A Través del Desierto,https://misutmeeple.com/2016/06/resena-a-traves-del-desierto/
15,Abalone,https://misutmeeple.com/2019/06/resena-abalone/
16,Abluxxen,https://misutmeeple.com/2015/04/resena-abluxxen/
17,Abominación: El Heredero de Frankenstein,https://misutmeeple.com/2020/07/resena-abominacion-el-heredero-de-frankenstein/
18,Agamemnon,https://misutmeeple.com/2017/11/resena-agamemnon/
19,Age of Empires III: La Era de los Descubrimientos,https://misutmeeple.com/2016/01/resena-age-of-empires-iii-la-era-de-los-descubrimientos/
20,Age of Industry,https://misutmeeple.com/2017/02/resena-age-of-industry/
21,Age of War,https://misutmeeple.com/2015/02/resena-age-of-war/
22,Agra,https://misutmeeple.com/2018/01/resena-agra/
23,Agricola,https://misutmeeple.com/2013/02/resena-agricola/
24,Agricola: Bosques y Cenagales,https://misutmeeple.com/2013/06/resena-agricola-bosques-y-cenagales/
25,Agricola: Animales en la Granja,https://misutmeeple.com/2021/09/resena-agricola-animales-en-la-granja/
26,"Aire, Tierra y Mar",https://misutmeeple.com/2021/03/resena-aire-tierra-y-mar/
27,Airlines Europe,https://misutmeeple.com/2014/06/resena-airlines-europe/
28,Airship City,https://misutmeeple.com/2019/10/resena-airship-city/
29,Ajo y Agua,https://misutmeeple.com/2014/04/resena-ajo-y-agua/
30,Akrotiri,https://misutmeeple.com/2016/07/resena-akrotiri/
31,Alchemists,https://misutmeeple.com/2014/11/resena-alchemists/
32,Alhambra,https://misutmeeple.com/2016/12/resena-alhambra/
33,Alien Froniers,https://misutmeeple.com/2020/09/resena-alien-frontiers/
34,Alma Mater,https://misutmeeple.com/2020/11/resena-alma-mater/
35,Aloha Pioha,https://misutmeeple.com/2016/05/resena-aloha-pioha/
36,Alta Tensión,https://misutmeeple.com/2013/03/resena-alta-tension/
37,Altiplano,https://misutmeeple.com/2018/01/resena-altiplano/
38,Altiplano: El Viajero,https://misutmeeple.com/2018/10/resena-altiplano-el-viajero/
39,Alubari: el Aroma del Té,https://misutmeeple.com/2020/02/resena-alubari-el-aroma-del-te/
40,Amanecer Rojo,https://misutmeeple.com/2021/08/resena-amanecer-rojo/
41,Amerigo,https://misutmeeple.com/2016/03/resena-amerigo/
42,Anachrony,https://misutmeeple.com/2018/10/resena-anachrony/
43,Android: Mainframe,https://misutmeeple.com/2017/06/android-mainframe/
44,"Animal sobre Animal, ¡A dar vueltas!",https://misutmeeple.com/2015/02/resena-animal-sobre-animal-dar-vueltas/
45,Antiquity,https://misutmeeple.com/2018/06/resena-antiquity/
46,Aqualin,https://misutmeeple.com/2020/09/resena-aqualin/
47,AquaSphere,https://misutmeeple.com/2015/12/resena-aquasphere/
48,Arboretum,https://misutmeeple.com/2016/05/resena-arboretum/
49,Arcanya: Magic Academy,https://misutmeeple.com/2015/11/resena-arcanya-magic-academy/
50,Archipelago,https://misutmeeple.com/2021/05/resena-archipelago/
51,Argent: The Consortium,https://misutmeeple.com/2020/02/resena-argent-the-consortium/
52,Aristeia!,https://misutmeeple.com/2017/11/resena-aristeia/
53,Arquitectos del Reino del Oeste,https://misutmeeple.com/2019/06/resena-arquitectos-del-reino-del-oeste/
54,Arquitectos del Reino del Oeste - Era de los Artesanos,https://misutmeeple.com/2021/02/resena-arquitectos-del-reino-del-oeste-era-de-los-artesanos/
55,Arraial,https://misutmeeple.com/2021/07/resena-arraial/
56,Asante,https://misutmeeple.com/2016/11/resena-asante/
57,Asara,https://misutmeeple.com/2013/01/resena-asara/
58,Aton,https://misutmeeple.com/2018/01/resena-aton/
59,Augustus,https://misutmeeple.com/2017/05/resena-augustus/
60,Automania,https://misutmeeple.com/2016/02/resena-automania/
61,Automobile,https://misutmeeple.com/2017/07/resena-automobile/
62,AuZtralia,https://misutmeeple.com/2018/03/resena-auztralia/
63,Aviador Loco,https://misutmeeple.com/2016/05/resena-aviador-loco/
64,Aztec,https://misutmeeple.com/2021/10/resena-aztec/
65,Azul,https://misutmeeple.com/2017/12/resena-azul/
66,Azul: Pabellón de Verano,https://misutmeeple.com/2020/03/resena-azul-pabellon-de-verano/
67,Azul: Vitrales de Sintra,https://misutmeeple.com/2020/03/resena-azul-vitrales-de-sintra/
68,Babel,https://misutmeeple.com/2017/05/resena-babel/
69,Babylonia,https://misutmeeple.com/2019/11/resena-babylonia/
70,Bali,https://misutmeeple.com/2018/07/resena-bali/
71,Bang!,https://misutmeeple.com/2013/05/resena-bang/
72,Banjooli Xeet,https://misutmeeple.com/2013/10/resena-banjooli-xeet/
73,Baobab,https://misutmeeple.com/2017/11/resena-baobab/
74,Barrage,https://misutmeeple.com/2019/09/resena-barrage/
75,Barragoon,https://misutmeeple.com/2016/08/resena-barragoon/
76,Basari: El Juego de Cartas,https://misutmeeple.com/2016/10/resena-basari-el-juego-de-cartas/
77,Batalla de Ovejas,https://misutmeeple.com/2015/07/resena-batalla-de-ovejas/
78,Batalla por el Olimpo,https://misutmeeple.com/2016/09/resena-batalla-por-el-olimpo/
79,Beez,https://misutmeeple.com/2021/01/resena-beez/
80,Belfort,https://misutmeeple.com/2017/01/resena-belfort/
81,Bellz!,https://misutmeeple.com/2017/12/resena-bellz/
82,Between Two Cities,https://misutmeeple.com/2017/07/resena-between-two-cities/
83,Beyond the Sun,https://misutmeeple.com/2021/01/resena-beyond-the-sun/
84,Billabong,https://misutmeeple.com/2019/10/resena-billabong/
85,Biosphere,https://misutmeeple.com/2018/07/resena-biosphere/
86,Bitcoin Hackers,https://misutmeeple.com/2018/12/resena-bitcoin-hackers/
87,Bitoku,https://misutmeeple.com/2021/11/resena-bitoku/
88,Black Angel,https://misutmeeple.com/2020/06/resena-black-angel/
89,Blackout: Hong Kong,https://misutmeeple.com/2018/11/resena-blackout-hong-kong/
90,Blitz!,https://misutmeeple.com/2015/11/resena-blitz/
91,Blitzkrieg!,https://misutmeeple.com/2019/12/resena-blitzkrieg/
92,Blood Rage,https://misutmeeple.com/2016/01/resena-blood-rage/
93,Bloom Town,https://misutmeeple.com/2020/06/resena-bloom-town/
94,Blue Lagoon,https://misutmeeple.com/2019/05/resena-blue-lagoon/
95,Blueprints,https://misutmeeple.com/2016/01/resena-blueprints/
96,Bohnanza de las Galaxias,https://misutmeeple.com/2013/06/resena-bohnanza-de-las-galaxias/
97,Bonfire,https://misutmeeple.com/2020/10/resena-bonfire/
98,Boomerang: Australia,https://misutmeeple.com/2021/04/resena-boomerang-australia/
99,Bora Bora,https://misutmeeple.com/2013/08/resena-bora-bora/
100,Bosk,https://misutmeeple.com/2020/05/resena-bosk/
101,Bounce Battle,https://misutmeeple.com/2021/08/resena-bounce-battle/
102,Brains Family: Castillos & Dragones,https://misutmeeple.com/2019/07/resena-brains-castillos-y-dragones/
103,Brass: Birmingham,https://misutmeeple.com/2019/09/resena-brass-birmingham/
104,Brass: Lancashire,https://misutmeeple.com/2015/09/resena-brass/
105,Break the Code,https://misutmeeple.com/2020/12/resena-break-the-code/
106,Broom Service,https://misutmeeple.com/2016/01/resena-broom-service/
107,Bruges,https://misutmeeple.com/2014/12/resena-bruges/
108,Bruxelles 1893,https://misutmeeple.com/2017/10/resena-bruxelles-1893/
109,Bubblee Pop,https://misutmeeple.com/2017/09/resena-bubblee-pop/
110,Bunny Kingdom,https://misutmeeple.com/2018/06/resena-bunny-kingdom/
111,Bunny Kingdom: Celestial,https://misutmeeple.com/2019/11/resena-bunny-kingdom-celestial/
112,Burano,https://misutmeeple.com/2019/05/resena-burano/
113,Bus,https://misutmeeple.com/2020/08/resena-bus/
114,Cable Car,https://misutmeeple.com/2017/03/resena-cable-car/
115,Cacao,https://misutmeeple.com/2015/05/resena-cacao/
116,Cacao: Diamante,https://misutmeeple.com/2018/09/resena-cacao-diamantes/
117,Cacao: Xocolatl,https://misutmeeple.com/2018/04/resena-cacao-xocolatl/
118,Café,https://misutmeeple.com/2021/03/resena-cafe/
119,Cairn,https://misutmeeple.com/2020/10/resena-cairn/
120,Calaveras de Sedlec,https://misutmeeple.com/2021/10/resena-calaveras-de-sedlec/
121,Calico,https://misutmeeple.com/2021/02/resena-calico/
122,Calimala,https://misutmeeple.com/2018/08/resena-calimala/
123,Camel Up,https://misutmeeple.com/2014/12/resena-camel-up/
124,Campeones: Oliver y Benji (El Campeonato Infantil),https://misutmeeple.com/2014/06/resena-campeones-oliver-y-benji/
125,Campos de Arle,https://misutmeeple.com/2016/02/resena-fields-of-arle/
126,Can't Stop,https://misutmeeple.com/2016/04/resena-cant-stop/
127,Candy Chaser,https://misutmeeple.com/2016/08/resena-candy-chaser/
128,Candy Match,https://misutmeeple.com/2018/11/resena-candy-match/
129,Capcom Street Fighter Deck-Building Game,https://misutmeeple.com/2015/08/resena-capcom-street-fighter-deck-building-game/
130,Caravana al Oeste,https://misutmeeple.com/2018/12/resena-caravana-al-oeste/
131,Carcassonne,https://misutmeeple.com/2015/10/resena-carcassonne/
132,Cardline: Marvel,https://misutmeeple.com/2016/06/resena-cardline-marvel/
133,Carnaval de Monstruos,https://misutmeeple.com/2019/11/resena-carnaval-de-monstruos/
134,Carolus Magnus,https://misutmeeple.com/2020/07/resena-carolus-magnus/
135,Carpe Diem,https://misutmeeple.com/2018/10/resena-carpe-diem/
136,Carson City,https://misutmeeple.com/2015/04/resena-carson-city/
137,Castles of Mad King Ludwig,https://misutmeeple.com/2015/10/resena-castles-of-mad-king-luwdig/
138,Cat Lady,https://misutmeeple.com/2020/11/resena-cat-lady/
139,Caverna,https://misutmeeple.com/2015/11/resena-caverna/
140,Caylus,https://misutmeeple.com/2014/04/resena-caylus/
141,Caylus 1303,https://misutmeeple.com/2020/09/resena-caylus-1303/
142,Cena en París,https://misutmeeple.com/2021/06/resena-cena-en-paris/
143,Century: La Ruta de las Especias,https://misutmeeple.com/2017/08/resena-century-la-ruta-de-las-especias/
144,Century: Maravillas de Oriente,https://misutmeeple.com/2018/11/resena-century-maravillas-de-oriente/
145,Century: Un Nuevo Mundo,https://misutmeeple.com/2019/12/resena-century-un-nuevo-mundo/
146,Ceylon,https://misutmeeple.com/2018/12/resena-ceylon/
147,Charterstone,https://misutmeeple.com/2018/01/resena-charterstone/
148,Cheeky Monkey,https://misutmeeple.com/2018/04/resena-cheeky-monkey/
149,Chicago Express,https://misutmeeple.com/2015/04/resena-chicago-express/
150,Chimera,https://misutmeeple.com/2018/10/resena-chimera/
151,Chinatown,https://misutmeeple.com/2017/04/resena-chinatown/
152,Circadians: Primera Luz,https://misutmeeple.com/2020/01/resena-circadians-primera-luz/
153,Citrus,https://misutmeeple.com/2017/10/resena-citrus/
154,Ciudad Machi Koro,https://misutmeeple.com/2014/11/resena-ciudad-machi-koro/
155,Ciudadelas,https://misutmeeple.com/2013/01/resena-ciudadelas-3-ed/
156,Claim,https://misutmeeple.com/2019/07/resena-claim/
157,Claim 2,https://misutmeeple.com/2020/03/resena-claim-2/
158,"Claim, Refuerzos - Fuego",https://misutmeeple.com/2021/10/resena-claim-refuerzos-fuego/
159,Claim: Refuerzos - Hielo,https://misutmeeple.com/2021/08/resena-claim-refuerzos-hielo/
160,Claim: Refuerzos - Magia,https://misutmeeple.com/2020/08/resena-claim-refuerzos-magia/
161,Claim: Refuerzos - Mapas,https://misutmeeple.com/2020/09/resena-claim-refuerzos-mapas/
162,Claim: Refuerzos - Mercenarios,https://misutmeeple.com/2020/08/resena-claim-refuerzos-mercenarios/
163,Claim: Refuerzos - Miedo,https://misutmeeple.com/2021/06/resena-claim-refuerzos-terror/
164,Clanes de Caledonia,https://misutmeeple.com/2018/04/resena-clanes-de-caledonia/
165,Clank! La Maldición de la Momia,https://misutmeeple.com/2020/06/resena-clank-la-maldicion-de-la-momia/
166,Clank! Tesoros Sumergidos,https://misutmeeple.com/2019/12/resena-clank-tesoros-sumergidos/
167,Clank! Una Aventura de Construcción de Mazos,https://misutmeeple.com/2019/03/resena-clank-una-aventura-de-construccion-de-mazos/
168,Clash of Cultures,https://misutmeeple.com/2017/06/resena-clash-of-cultures/
169,CliniC,https://misutmeeple.com/2020/03/resena-clinic/
170,CloudAge,https://misutmeeple.com/2021/02/resena-cloudage/
171,CO₂: Segunda Oportunidad,https://misutmeeple.com/2020/03/resena-co%e2%82%82-segunda-oportunidad/
172,Cóatl,https://misutmeeple.com/2021/09/resena-coatl/
173,¡Cobardes!,https://misutmeeple.com/2017/05/resena-cobardes/
174,Coconuts,https://misutmeeple.com/2015/08/resena-coconuts/
175,Código Secreto,https://misutmeeple.com/2016/02/resena-codigo-secreto/
176,Coimbra,https://misutmeeple.com/2018/11/resena-coimbra/
177,Coloma,https://misutmeeple.com/2019/11/resena-coloma/
178,Colonias Cósmicas,https://misutmeeple.com/2021/09/resena-colonias-cosmicas/
179,Colonos del Imperio,https://misutmeeple.com/2014/12/resena-imperial-settlers/
180,Coloretto,https://misutmeeple.com/2016/06/resena-coloretto/
181,Colt Express,https://misutmeeple.com/2015/02/resena-colt-express/
182,Columba,https://misutmeeple.com/2016/06/resena-columba/
183,Cónclave,https://misutmeeple.com/2021/03/resena-conclave/
184,Concordia,https://misutmeeple.com/2016/02/resena-concordia/
185,Conspiracy - Abyss Universe,https://misutmeeple.com/2020/09/resena-conspiracy-abyss-universe/
186,Constructo,https://misutmeeple.com/2014/09/resena-constructo/
187,Consumption: Food & Choices,https://misutmeeple.com/2021/10/resena-consumption-food-choices/
188,Continental Express,https://misutmeeple.com/2016/06/resena-continental-express/
189,Cooper Island,https://misutmeeple.com/2020/05/resena-cooper-island/
190,Copenhagen,https://misutmeeple.com/2019/11/resena-copenhagen/
191,Cosmic Encounter Duel,https://misutmeeple.com/2020/07/resena-cosmic-encounter-duel/
192,Cosmogenesis,https://misutmeeple.com/2018/04/resena-cosmogenesis/
193,Cottage Garden,https://misutmeeple.com/2016/11/resena-cottage-garden/
194,Coup,https://misutmeeple.com/2015/02/resena-coup/
195,Covil: Los Señores Oscuros,https://misutmeeple.com/2018/02/resena-covil-los-senores-oscuros/
196,Coyote,https://misutmeeple.com/2021/06/resena-coyote/
197,Crónicas,https://misutmeeple.com/2016/10/resena-cronicas/
198,Cry Havoc,https://misutmeeple.com/2016/11/resena-cry-havoc/
199,Cryo,https://misutmeeple.com/2021/04/resena-cryo/
200,Cryptid,https://misutmeeple.com/2019/10/resena-cryptid/
201,Crystal Palace,https://misutmeeple.com/2019/12/resena-crystal-palace/
202,CuBirds,https://misutmeeple.com/2019/02/resena-cubirds/
203,Cubitos,https://misutmeeple.com/2021/07/resena-cubitos/
204,Cubo,https://misutmeeple.com/2016/02/resena-cubo/
205,Cupcake Empire,https://misutmeeple.com/2019/01/resena-cupcake-empire/
206,Curious Cargo,https://misutmeeple.com/2021/09/resena-curious-cargo/
207,CV,https://misutmeeple.com/2015/03/resena-cv/
208,Cyclades,https://misutmeeple.com/2020/04/resena-cyclades/
209,Cyclades: Hades,https://misutmeeple.com/2020/04/resena-cyclades-hades/
210,Cyclades: Titans,https://misutmeeple.com/2020/05/resena-cyclades-titans/
211,Cytosis: Un Juego de Transporte Celular,https://misutmeeple.com/2019/03/resena-cytosis-un-juego-de-transporte-celular/
212,Dados y Colonos,https://misutmeeple.com/2019/05/resenas-dados-y-colonos/
213,Dark Matter,https://misutmeeple.com/2015/12/resena-dark-matter/
214,Decrypto,https://misutmeeple.com/2018/09/resena-decrypto/
215,Deep Sea Adventure,https://misutmeeple.com/2016/12/resena-deep-sea-adventure/
216,Deus,https://misutmeeple.com/2015/06/resena-deus/
217,Diavolo,https://misutmeeple.com/2015/01/resena-diavolo/
218,Dice Hospital,https://misutmeeple.com/2019/01/resena-dice-hospital/
219,Dice Masters,https://misutmeeple.com/2015/12/resena-dice-masters/
220,Dig Your Way Out,https://misutmeeple.com/2020/08/resena-dig-your-way-out/
221,Dinosaur Island,https://misutmeeple.com/2019/10/resena-dinosaur-island/
222,Disney Villainous,https://misutmeeple.com/2019/12/resena-disney-villainous/
223,Disney Villainous: Wicked to the Core,https://misutmeeple.com/2020/11/resena-disney-villainous-wicked-to-the-core/
224,Dive,https://misutmeeple.com/2021/04/resena-dive/
225,Dixit,https://misutmeeple.com/2015/06/resena-dixit/
226,Dixit Jinx,https://misutmeeple.com/2015/10/resena-dixit-jinx/
227,Dominant Species,https://misutmeeple.com/2015/02/resena-dominant-species/
228,Dominion - Cartas,https://misutmeeple.com/2014/08/resena-dominion-cartas/
229,Dominion: Alquimia - Cartas,https://misutmeeple.com/2013/06/resena-dominion-alquimia-cartas/
230,Dominion: Comarcas - Cartas,https://misutmeeple.com/2015/04/resena-dominion-comarcas-cartas/
231,Dominion: Cornucopia - Cartas,https://misutmeeple.com/2013/03/resena-dominion-cornucopia-cartas/
232,Dominion: Edad Oscura - Cartas,https://misutmeeple.com/2014/12/resena-dominion-edad-oscura-cartas/
233,Dominion: Intriga,https://misutmeeple.com/2013/03/resena-dominion-intriga/
234,Dominion: Intriga - Cartas,https://misutmeeple.com/2013/03/resena-dominion-intriga-cartas/
235,Dominion: Prosperidad,https://misutmeeple.com/2015/08/resena-dominion-prosperidad-cartas/
236,Dominion: Terramar - Cartas,https://misutmeeple.com/2013/04/resena-dominion-terramar-cartas/
237,Downforce,https://misutmeeple.com/2019/11/resena-downforce/
238,Draftosaurus,https://misutmeeple.com/2019/08/resena-draftosaurus/
239,Draftosaurus - Aerial Show,https://misutmeeple.com/2021/04/resena-draftosaurus-aerial-show/
240,Draftosaurus - Marina,https://misutmeeple.com/2021/04/resena-draftosaurus-marina/
241,Dragon Castle,https://misutmeeple.com/2018/01/resena-dragon-castle/
242,Dragon Keepers,https://misutmeeple.com/2020/06/resena-dragon-keepers/
243,Dragon Master,https://misutmeeple.com/2018/07/resena-dragon-master/
244,Druken Sailor,https://misutmeeple.com/2020/02/resena-drunken-sailor/
245,Dual Powers: Revolución 1917,https://misutmeeple.com/2020/03/resena-dual-powers-revolucion-1917/
246,Dungeon Fighter,https://misutmeeple.com/2016/09/resena-dungeon-fighter/
247,Dungeon Lords,https://misutmeeple.com/2017/07/resena-dungeon-lords/
248,Dungeon Petz,https://misutmeeple.com/2014/03/resena-dungeon-petz/
249,Dungeon Raiders,https://misutmeeple.com/2018/04/resena-dungeon-raiders/
250,DVONN,https://misutmeeple.com/2017/07/resena-dvonn/
251,Dynasties,https://misutmeeple.com/2016/06/resena-dynasties/
252,Eclipse,https://misutmeeple.com/2013/07/resena-eclipse/
253,Edo,https://misutmeeple.com/2015/11/resena-edo/
254,El Banquete de Odín,https://misutmeeple.com/2016/11/resena-el-banquete-de-odin/
255,El Desafío de los Templos,https://misutmeeple.com/2020/04/resena-el-desafio-de-los-templos/
256,El Diablo en la Botella,https://misutmeeple.com/2019/10/resena-el-diablo-en-la-botella/
257,El Espía (que se perdió),https://misutmeeple.com/2015/09/resena-el-espia-que-se-perdio/
258,El Foro de Trajano,https://misutmeeple.com/2018/11/resena-el-foro-de-trajano/
259,El Grande,https://misutmeeple.com/2013/11/resena-el-grande/
260,El Jardín de Alicia,https://misutmeeple.com/2020/10/resena-el-jardin-de-alicia/
261,El Laberinto Mágico,https://misutmeeple.com/2017/10/resena-el-laberinto-magico/
262,El Oráculo de Delfos,https://misutmeeple.com/2016/12/resena-the-oracle-of-delphi/
263,El Padrino: El Imperio Corleone,https://misutmeeple.com/2017/09/resena-el-padrino-el-imperio-corleone/
264,El Principito: Hazme un Planeta,https://misutmeeple.com/2016/01/resena-el-principito-hazme-un-planeta/
265,El Rey de la Montaña,https://misutmeeple.com/2020/12/resena-el-rey-de-la-montana/
266,El Valle de los Mercaderes,https://misutmeeple.com/2016/11/resena-dale-of-merchants/
267,El Valle de los Reyes,https://misutmeeple.com/2014/08/resena-valley-of-kings/
268,El Zorro en el Bosque,https://misutmeeple.com/2020/08/resena-el-zorro-en-el-bosque/
269,Elfenland,https://misutmeeple.com/2020/05/resena-elfenland/
270,Elysium,https://misutmeeple.com/2015/09/resena-elysium/
271,End of Line,https://misutmeeple.com/2020/06/resena-end-of-line/
272,Endeavor: La Era de la Expansión,https://misutmeeple.com/2020/07/resena-endeavor-la-era-de-la-expansion/
273,Endeavor: La Era de la Navegación,https://misutmeeple.com/2018/12/resena-endeavor-la-era-de-la-navegacion/
274,Ensalada de Puntos,https://misutmeeple.com/2020/07/resena-ensalada-de-puntos/
275,Era: Edad Media,https://misutmeeple.com/2020/11/resena-era-edad-media/
276,Escape Plan,https://misutmeeple.com/2019/07/resena-escape-plan/
277,Escape Pods,https://misutmeeple.com/2020/04/resena-escape-pods/
278,Escuela de Pingüinos,https://misutmeeple.com/2017/08/resena-escuela-de-pinguinos/
279,Ethnos,https://misutmeeple.com/2018/10/resena-ethnos/
280,"Euphoria, Construye Una Distopía Mejor",https://misutmeeple.com/2018/07/resena-euphoria-construye-una-distopia-mejor/
281,Everdell,https://misutmeeple.com/2018/10/resena-everdell/
282,Everdell - Bellfaire,https://misutmeeple.com/2021/09/resena-everdell-bellfaire/
283,Everdell - Pearlbrook,https://misutmeeple.com/2020/02/resena-everdell-pearlbrook/
284,Everdell - Spirecrest,https://misutmeeple.com/2021/07/resena-everdell-spirecrest/
285,Ex Libris,https://misutmeeple.com/2018/09/resena-ex-libris/
286,Excavación Tierra,https://misutmeeple.com/2021/07/resena-excavacion-tierra/
287,Exploradores,https://misutmeeple.com/2016/05/resena-exploradores/
288,Exploradores del Mundo Perdido,https://misutmeeple.com/2021/08/resena-exploradores-del-mundo-perdido/
289,Fábrica de Chocolate,https://misutmeeple.com/2021/09/resena-fabrica-de-chocolate/
290,Fairy Tale Inn,https://misutmeeple.com/2021/06/resena-fairy-tale-inn/
291,Famiglia,https://misutmeeple.com/2013/10/resena-famiglia/
292,Fantasma Blitz,https://misutmeeple.com/2016/12/resena-fantasma-blitz/
293,Fantasy Realms,https://misutmeeple.com/2019/04/resena-fantasy-realms/
294,Fantasy Realms: El Tesoro Maldito,https://misutmeeple.com/2021/09/resena-fantasy-realms-el-tesoro-maldito/
295,Fearsome Floors,https://misutmeeple.com/2018/07/resena-fearsome-floors/
296,"Félix, El Gato Encerrado",https://misutmeeple.com/2014/05/resena-felix-el-gato-encerrado/
297,Feudum,https://misutmeeple.com/2018/09/resena-feudum/
298,Fields of Green,https://misutmeeple.com/2020/04/resena-fields-of-green/
299,Fila Filo,https://misutmeeple.com/2016/04/resena-fila-filo/
300,Finca,https://misutmeeple.com/2016/03/resena-finca/
301,Firenze,https://misutmeeple.com/2021/03/resena-firenze/
302,Five Tribes,https://misutmeeple.com/2015/03/resena-five-tribes/
303,Flamme Rouge,https://misutmeeple.com/2018/02/resena-flamme-rouge/
304,Flying Kiwis,https://misutmeeple.com/2016/02/resena-flying-kiwis/
305,Food Chain Magnate,https://misutmeeple.com/2016/08/resena-food-chain-magnate/
306,Forbidden City,https://misutmeeple.com/2019/01/resena-forbidden-city/
307,Fossilis,https://misutmeeple.com/2021/01/resena-fossilis/
308,Founding Fathers,https://misutmeeple.com/2017/11/resena-founding-fathers/
309,Fresco,https://misutmeeple.com/2017/07/resena-fresco/
310,Frutas Fabulosas,https://misutmeeple.com/2019/06/resena-frutas-fabulosas/
311,Fuji Flush,https://misutmeeple.com/2017/01/resena-fuji-flush/
312,Fungi,https://misutmeeple.com/2015/05/resena-fungi/
313,Funkoverse Strategy Game,https://misutmeeple.com/2020/03/resena-funkoverse-strategy-game/
314,Gaia Project,https://misutmeeple.com/2018/04/resena-gaia-project/
315,Galaxia: La Conquista,https://misutmeeple.com/2014/10/resena-race-for-galaxy/
316,Galaxy Trucker,https://misutmeeple.com/2014/05/resena-galaxy-trucker/
317,Gardens,https://misutmeeple.com/2014/04/resena-gardens/
318,Genial,https://misutmeeple.com/2016/03/resena-genial/
319,Genios Victorianos,https://misutmeeple.com/2019/09/resena-genios-victorianos/
320,Gentes,https://misutmeeple.com/2017/09/resena-gentes/
321,Ghosts of the Moor,https://misutmeeple.com/2019/03/resena-ghosts-of-the-moor/
322,Gier,https://misutmeeple.com/2017/10/resenas-gier/
323,Ginkgopolis,https://misutmeeple.com/2015/06/resena-ginkgopolis/
324,GIPF,https://misutmeeple.com/2016/07/resena-gipf/
325,Gizmos,https://misutmeeple.com/2019/03/resena-gizmos/
326,Glass Road,https://misutmeeple.com/2014/07/resena-glass-road/
327,Gloobz,https://misutmeeple.com/2015/03/resena-gloobz/
328,Gloria a Roma,https://misutmeeple.com/2016/11/resena-gloria-a-roma/
329,Go Cuckoo!,https://misutmeeple.com/2017/04/resena-go-cuckoo/
330,Goa,https://misutmeeple.com/2018/05/resena-goa/
331,"Goblins, Inc.",https://misutmeeple.com/2014/10/resena-goblins-inc/
332,Godspeed,https://misutmeeple.com/2021/06/resena-godspeed/
333,Gold West,https://misutmeeple.com/2018/08/resena-gold-west/
334,Golpe de Fe,https://misutmeeple.com/2021/01/resena-golpe-de-fe/
335,Gorinto,https://misutmeeple.com/2021/08/resena-gorinto/
336,Gorus Maximus,https://misutmeeple.com/2020/05/resena-gorus-maximus/
337,Grand Austria Hotel,https://misutmeeple.com/2016/05/resena-grand-austria-hotel/
338,Gravity Superstar,https://misutmeeple.com/2020/01/resena-gravity-superstar/
339,Great Western Trail,https://misutmeeple.com/2016/12/resena-great-western-trail/
340,Great Western Trails: Rieles hacia el Norte,https://misutmeeple.com/2018/11/resena-great-western-trail-rieles-hacia-el-norte/
341,Gùgōng,https://misutmeeple.com/2019/03/resena-gugong/
342,Guilds of London,https://misutmeeple.com/2017/09/resena-guilds-of-london/
343,Gum Gum Machine,https://misutmeeple.com/2016/06/resena-gum-gum-machine/
344,Guns & Steel,https://misutmeeple.com/2017/12/resena-guns-steel/
345,Hab & Gut,https://misutmeeple.com/2016/04/resena-hab-gut/
346,Hadara,https://misutmeeple.com/2019/05/resena-hadara/
347,Hallertau,https://misutmeeple.com/2020/11/resena-hallertau/
348,Hammer of the Scots,https://misutmeeple.com/2019/04/resena-hammer-of-the-scots/
349,Hamsterrolle,https://misutmeeple.com/2018/05/resena-hamsterrolle/
350,Hanamikoji,https://misutmeeple.com/2020/01/resena-hanamikoji/
351,Hands in the Sea,https://misutmeeple.com/2020/08/resena-hands-in-the-sea/
352,Hansa Teutonica,https://misutmeeple.com/2017/02/resena-hansa-teutonica/
353,Happy Salmon,https://misutmeeple.com/2017/04/resena-happy-salmon/
354,Hatflings!,https://misutmeeple.com/2017/02/resena-hatflings/
355,Hawaii,https://misutmeeple.com/2017/03/resena-hawaii/
356,Heaven & Ale,https://misutmeeple.com/2018/02/resena-heaven-ale/
357,Helios,https://misutmeeple.com/2016/02/resena-helios/
358,Helvetia,https://misutmeeple.com/2015/11/resena-helvetia/
359,Harbáceas,https://misutmeeple.com/2019/02/resena-herbaceas/
360,Herbalism,https://misutmeeple.com/2020/03/resena-herbalism/
361,Hermetica,https://misutmeeple.com/2021/02/resena-hermetica/
362,HexRoller,https://misutmeeple.com/2019/04/resena-hexroller/
363,High Society,https://misutmeeple.com/2019/03/resena-high-society/
364,Hive,https://misutmeeple.com/2013/09/resena-hive-pocket/
365,Holi: Festival de Colores,https://misutmeeple.com/2021/02/resena-holi-festival-de-colores/
366,Hollywood Golden Age,https://misutmeeple.com/2018/12/resena-hollywood-golden-age/
367,Holmes: Sherlock & Mycroft,https://misutmeeple.com/2016/01/resena-holmes-sherlock-mycroft/
368,Hong,https://misutmeeple.com/2016/05/resena-hong/
369,Honshu,https://misutmeeple.com/2017/09/resena-honshu/
370,Horse Fever,https://misutmeeple.com/2016/01/resena-horse-fever/
371,Il Vecchio,https://misutmeeple.com/2018/08/resena-il-vecchio/
372,Ilòs,https://misutmeeple.com/2019/01/resena-ilos/
373,Imaginarium,https://misutmeeple.com/2020/07/resena-imaginarium/
374,Imhotep,https://misutmeeple.com/2017/01/resena-imhotep/
375,Impact: La Batalla de los Elementos,https://misutmeeple.com/2019/02/resena-impact-la-batalla-de-los-elementos/
376,Imperium: Classics,https://misutmeeple.com/2021/08/resena-imperium-classics/
377,In the Year of the Dragon,https://misutmeeple.com/2015/09/resena-in-the-year-of-the-dragon/
378,Indigo,https://misutmeeple.com/2014/08/resena-indigo/
379,Influentia,https://misutmeeple.com/2020/11/resena-influentia/
380,Inis,https://misutmeeple.com/2019/04/resena-inis/
381,Innovation,https://misutmeeple.com/2021/05/resena-innovation/
382,Interferencias,https://misutmeeple.com/2018/10/resena-interferencias/
383,Intrigue,https://misutmeeple.com/2015/07/resena-intrigue/
384,Ishtar: Jardines de Babilonia,https://misutmeeple.com/2020/06/resena-ishtar-jardines-de-babilonia/
385,Isla de Skye: de Líder a Rey,https://misutmeeple.com/2017/06/resena-isla-de-skye-de-lider-a-rey/
386,Islas Canarias,https://misutmeeple.com/2015/07/resena-islas-canarias/
387,Istanbul,https://misutmeeple.com/2015/10/resena-istanbul/
388,It Happens..,https://misutmeeple.com/2016/03/resena-it-happens/
389,It's a Wonderful World - Auge y Corrupción,https://misutmeeple.com/2021/02/resena-its-a-wonderful-world-auge-y-corrupcion/
390,It’s a Wonderful World,https://misutmeeple.com/2020/07/resena-its-a-wonderful-world/
391,It’s a Wonderful World – Guerra o Paz,https://misutmeeple.com/2020/12/resena-its-a-wonderful-world-guerra-o-paz/
392,Iwari,https://misutmeeple.com/2020/09/resena-iwari/
393,Jaipur,https://misutmeeple.com/2014/01/resena-jaipur/
394,Java,https://misutmeeple.com/2021/03/resena-java/
395,Jubako,https://misutmeeple.com/2020/09/resena-jubako/
396,Juego de Tronos: El Juego de Tablero (2ª Ed.) ,https://misutmeeple.com/2013/06/resena-juego-de-tronos-el-juego-de/
397,Juego de Tronos: El Juego de Tablero (2ª Ed.): Festín de Cuervos,https://misutmeeple.com/2013/12/resena-festin-de-cuervos-expansion-para/
398,Juego de Tronos: La Mano del Rey,https://misutmeeple.com/2017/10/resena-juego-de-tronos-la-mano-del-rey/
399,Junk Art,https://misutmeeple.com/2018/06/resena-junk-art/
400,Jupiter Rescue,https://misutmeeple.com/2014/09/resena-jupiter-rescue/
401,Jurassic Park: Danger!,https://misutmeeple.com/2021/07/resena-jurassic-park-danger/
402,K2,https://misutmeeple.com/2015/07/resena-k2/
403,Kabuki,https://misutmeeple.com/2017/03/resena-kabuki/
404,Kahuna,https://misutmeeple.com/2015/07/resena-kahuna/
405,KAITŌ,https://misutmeeple.com/2020/07/resena-kaito/
406,Kamisado,https://misutmeeple.com/2017/06/resena-kamisado/
407,Kanban: Automotive Revolution,https://misutmeeple.com/2015/12/resena-kanban-automotive-revolution/
408,Karuba,https://misutmeeple.com/2018/08/resena-karuba/
409,Katarenga,https://misutmeeple.com/2021/01/resena-katarenga/
410,Keltis,https://misutmeeple.com/2019/07/resena-keltis/
411,Kerala: El Camino de los Elefantes,https://misutmeeple.com/2017/05/resena-kerala-el-camino-de-los-elefantes/
412,Keyflower,https://misutmeeple.com/2015/12/resena-keyflower/
413,King's Road,https://misutmeeple.com/2018/09/resena-kings-road/
414,Kingdom Builder,https://misutmeeple.com/2014/03/resena-kingdom-builder/
415,Kingdom Defenders,https://misutmeeple.com/2019/02/resena-kingdom-defenders/
416,Kingsburg (2ª Ed.),https://misutmeeple.com/2021/06/resena-kingsburg-2a-ed/
417,Kitty Paw,https://misutmeeple.com/2017/12/resena-kitty-paw/
418,KLASK,https://misutmeeple.com/2018/04/resena-klask/
419,Kosmopolis,https://misutmeeple.com/2019/06/resena-kosmopolis/
420,Kreta,https://misutmeeple.com/2019/08/resena-kreta/
421,Krosmaster: Arena,https://misutmeeple.com/2014/05/resena-krosmaster-arena/
422,Kulami,https://misutmeeple.com/2020/10/resena-kulami/
423,Kumo Hogosha,https://misutmeeple.com/2016/06/resena-kumo-hogosha/
424,La Casa de Caramelo,https://misutmeeple.com/2019/02/resena-la-casa-de-caramelo/
425,La Era del Carbón,https://misutmeeple.com/2015/09/resena-la-era-del-carbon/
426,La Gran Guerra,https://misutmeeple.com/2019/01/resena-la-gran-guerra/
427,La Granja,https://misutmeeple.com/2016/03/resena-la-granja/
428,La Guerra de los Mundos: Nueva Oleada,https://misutmeeple.com/2020/02/resena-la-guerra-de-los-mundos-nueva-oleada/
429,La Guerra del Anillo (2ª Ed.),https://misutmeeple.com/2021/04/resena-la-guerra-del-anillo-2a-ed/
430,La Isla,https://misutmeeple.com/2018/01/resena-la-isla/
431,La Isla de los Gatos,https://misutmeeple.com/2020/06/resena-la-isla-de-los-gatos/
432,La Isla del Botín,https://misutmeeple.com/2018/08/resena-la-isla-del-botin/
433,La Marcha del Progreso,https://misutmeeple.com/2020/11/resena-la-marcha-del-progreso/
434,La Posada Sangrienta,https://misutmeeple.com/2016/04/resena-la-posada-sangrienta/
435,La Senda del Panda,https://misutmeeple.com/2018/09/resena-la-senda-del-panda/
436,La Stanza,https://misutmeeple.com/2019/11/resena-la-stanza/
437,La Villa,https://misutmeeple.com/2014/06/resena-la-villa/
438,La Viña,https://misutmeeple.com/2019/08/resena-la-vina/
439,Lagoon: Lands of Druids,https://misutmeeple.com/2017/05/resena-lagoon-lands-of-the-druids/
440,Las Expediciones Ming,https://misutmeeple.com/2020/08/resena-las-expediciones-ming/
441,Las Ruinas Perdidas de Arnak,https://misutmeeple.com/2021/04/resena-las-ruinas-perdidas-de-arnak/
442,Las Vegas,https://misutmeeple.com/2015/09/resena-las-vegas/
443,Las Vegas Quiz,https://misutmeeple.com/2015/09/resena-las-vegas-quiz/
444,Last Will,https://misutmeeple.com/2014/04/resena-last-will/
445,Le Havre,https://misutmeeple.com/2013/12/resena-le-havre/
446,Lewis & Clark,https://misutmeeple.com/2014/02/resena-lewis-clark/
447,Lifeboats,https://misutmeeple.com/2017/04/resena-lifeboats/
448,Ligretto Dados,https://misutmeeple.com/2014/07/resena-ligretto-dados/
449,Lincoln,https://misutmeeple.com/2018/12/resena-lincoln/
450,Linja,https://misutmeeple.com/2017/01/resena-linja/
451,Lisboa,https://misutmeeple.com/2017/11/resena-lisboa/
452,Lisbon Tram 28,https://misutmeeple.com/2021/11/resena-lisbon-tram-28/
453,Little Devils,https://misutmeeple.com/2016/06/resena-little-devils/
454,Little Town,https://misutmeeple.com/2020/01/resena-little-town/
455,LLAMA,https://misutmeeple.com/2019/08/resena-llama/
456,Lobo,https://misutmeeple.com/2015/04/resena-lobo/
457,London,https://misutmeeple.com/2017/05/resena-london/
458,London After Midnight,https://misutmeeple.com/2015/06/resena-london-after-midnight/
459,Loony Quest,https://misutmeeple.com/2016/03/resena-loony-quest/
460,Lords of the P.I.G.S.,https://misutmeeple.com/2016/01/resena-lord-of-the-p-i-g-s/
461,Lords of Waterdeep,https://misutmeeple.com/2015/11/resena-lords-of-waterdeep/
462,Lords of Xidit,https://misutmeeple.com/2016/04/resena-lords-of-xidit/
463,Lorenzo il Magnifico,https://misutmeeple.com/2018/03/resena-lorenzo-il-magnifico/
464,Los Aprendices,https://misutmeeple.com/2016/02/resena-los-aprendices/
465,Los Cien Torii,https://misutmeeple.com/2020/05/resena-los-cien-torii/
466,Los Colonos de Catán: El Juego de Dados,https://misutmeeple.com/2015/07/resena-los-colonos-de-catan-dados/
467,Los Compañeros de Marco Polo,https://misutmeeple.com/2017/12/resena-los-companeros-de-marco-polo/
468,Los Constructores: Edad Media,https://misutmeeple.com/2016/02/resena-the-builders-middle-ages/
469,Los Hombres Lobo de Castronegro,https://misutmeeple.com/2016/03/resena-los-hombres-lobo-de-castronegro/
470,Los Pioneros,https://misutmeeple.com/2019/07/resena-los-pioneros/
471,Los Príncipes de Catán,https://misutmeeple.com/2018/08/resena-los-principes-de-catan/
472,Los Príncipes de Florencia,https://misutmeeple.com/2018/02/resena-los-principes-de-florencia/
473,Los Viajes de Marco Polo,https://misutmeeple.com/2015/07/resena-the-voyages-of-marco-polo/
474,Love Letter,https://misutmeeple.com/2013/12/resena-love-letter/
475,Lovelace & Babbage,https://misutmeeple.com/2021/02/resena-lovelace-babbage/
476,Lucky Numbers,https://misutmeeple.com/2021/10/resena-lucky-numbers/
477,Luna,https://misutmeeple.com/2017/01/resena-luna/
478,LUNA Capital,https://misutmeeple.com/2021/10/resena-luna-capital/
479,Luxor,https://misutmeeple.com/2019/03/resena-luxor/
480,LYNGK,https://misutmeeple.com/2017/09/resena-lyngk/
481,Mabula,https://misutmeeple.com/2021/11/resena-mabula/
482,Macao,https://misutmeeple.com/2016/09/resena-macao/
483,Madeira,https://misutmeeple.com/2016/01/resena-madeira/
484,Mage Knight,https://misutmeeple.com/2019/08/resena-mage-knight/
485,Maharajá,https://misutmeeple.com/2021/06/resena-maharaja/
486,Majesty: La Corona del Reino,https://misutmeeple.com/2018/03/resena-majesty-la-corona-del-reino/
487,Make Make,https://misutmeeple.com/2021/10/resena-make-make/
488,Maki Stack,https://misutmeeple.com/2018/11/resena-maki-stack/
489,Mamma Mia!,https://misutmeeple.com/2017/09/resena-mamma-mia/
490,Mandala,https://misutmeeple.com/2020/05/resena-mandala/
491,Mandala Stones,https://misutmeeple.com/2021/06/resena-mandala-stones/
492,Manhattan,https://misutmeeple.com/2018/11/resena-manhattan/
493,Manila,https://misutmeeple.com/2015/09/resena-manila/
494,Manitoba,https://misutmeeple.com/2019/07/resena-manitoba/
495,Maracaibo,https://misutmeeple.com/2020/04/resena-maracaibo/
496,Marco Polo II: al Servicio del Khan,https://misutmeeple.com/2020/02/resena-marco-polo-ii-al-servicio-del-khan/
497,Mariposas,https://misutmeeple.com/2021/01/resena-mariposas/
498,Marrakech,https://misutmeeple.com/2014/10/resena-marrakech/
499,Maya,https://misutmeeple.com/2020/01/resena-maya/
500,Medici,https://misutmeeple.com/2017/02/resena-medici/
501,Medina,https://misutmeeple.com/2019/05/resena-medina/
502,Meeple Land,https://misutmeeple.com/2021/08/resena-meeple-land/
503,Memoir '44,https://misutmeeple.com/2017/08/resena-memoir-44/
504,Men at Work,https://misutmeeple.com/2019/07/resena-men-at-work/
505,Mercado de Lisboa,https://misutmeeple.com/2021/05/resena-mercado-de-lisboa/
506,Merchants & Marauders,https://misutmeeple.com/2015/12/resena-merchants-marauders/
507,Merienda Jurásica,https://misutmeeple.com/2019/02/resena-merienda-jurasica/
508,Merlin,https://misutmeeple.com/2018/09/resena-merlin/
509,Merv: The Heart of the Silk Road,https://misutmeeple.com/2021/01/resena-merv-the-heart-of-the-silk-road/
510,Meuterer,https://misutmeeple.com/2014/09/resena-meuterer/
511,Mexica,https://misutmeeple.com/2021/03/resena-mexica/
512,Mezo,https://misutmeeple.com/2021/08/resena-mezo/
513,Mi Pequeño Scythe,https://misutmeeple.com/2018/11/resena-mi-pequeno-scythe/
514,MicroMacro: Crime City,https://misutmeeple.com/2020/12/resena-micromacro-crime-city/
515,Miguel Strogoff,https://misutmeeple.com/2017/11/resena-miguel-strogoff/
516,Minecraft: Builders & Biomes,https://misutmeeple.com/2020/01/resena-minecraft-builders-biomes/
517,Miyabi,https://misutmeeple.com/2020/07/resena-miyabi/
518,Modern Art,https://misutmeeple.com/2020/08/resena-modern-art/
519,Mombasa,https://misutmeeple.com/2016/04/resena-mombasa/
520,Monasterium,https://misutmeeple.com/2020/12/resena-monasterium/
521,Mondrian: The Dice Game,https://misutmeeple.com/2016/09/resena-mondrian-the-dice-game/
522,Monster Lands,https://misutmeeple.com/2020/05/resena-monster-lands/
523,Montana,https://misutmeeple.com/2020/01/resena-montana/
524,Moon Base,https://misutmeeple.com/2020/02/resena-moon-base/
525,Mottainai,https://misutmeeple.com/2016/12/resena-mottainai/
526,Mr. Jack in New York,https://misutmeeple.com/2014/01/resena-mr-jack-in-new-york/
527,Munchkin,https://misutmeeple.com/2013/08/resena-munchkin/
528,Mundus Novus,https://misutmeeple.com/2016/04/resena-mundus-novus/
529,Museum,https://misutmeeple.com/2020/08/resena-museum/
530,My City,https://misutmeeple.com/2020/07/resena-my-city/
531,Narcos: El Juego de Tablero,https://misutmeeple.com/2019/06/resena-narcos-el-juego-de-tablero/
532,Nations,https://misutmeeple.com/2017/02/resena-nations/
533,New Corp Order,https://misutmeeple.com/2019/04/resena-new-corp-order/
534,New York 1901,https://misutmeeple.com/2016/05/resena-new-york-1901/
535,New York Zoo,https://misutmeeple.com/2020/10/resena-new-york-zoo/
536,Newton,https://misutmeeple.com/2019/01/resena-newton/
537,Nidavellir,https://misutmeeple.com/2020/10/resena-nidavellir/
538,Nile DeLuxor,https://misutmeeple.com/2019/10/resena-nile-deluxor/
539,NMBR 9,https://misutmeeple.com/2017/08/resena-nmbr-9/
540,¡No Gracias!,https://misutmeeple.com/2015/10/resena-no-gracias/
541,No Time for Heroes,https://misutmeeple.com/2016/10/resena-no-time-for-heroes/
542,Noah,https://misutmeeple.com/2014/01/resena-noah/
543,Noctiluca,https://misutmeeple.com/2021/02/resena-noctiluca/
544,Nonaga,https://misutmeeple.com/2020/10/resena-nonaga/
545,Noria,https://misutmeeple.com/2018/01/resena-noria/
546,Notre Dame,https://misutmeeple.com/2019/08/resena-notre-dame/
547,Nova Luna,https://misutmeeple.com/2019/12/resena-nova-luna/
548,Nusfjord,https://misutmeeple.com/2017/12/resena-nusfjord/
549,Nutrias Ganadoras,https://misutmeeple.com/2021/09/resena-nutrias-ganadoras/
550,Oh My Goods!,https://misutmeeple.com/2016/04/resena-oh-my-goods/
551,Okavango,https://misutmeeple.com/2018/07/resena-okavango/
552,Omertà : El Poder de la Mafia,https://misutmeeple.com/2015/02/resena-omerta-el-poder-de-la-mafia/
553,On Mars,https://misutmeeple.com/2020/01/resena-on-mars/
554,Onitama,https://misutmeeple.com/2017/10/resena-onitama/
555,Optimus,https://misutmeeple.com/2019/09/resena-optimus/
556,Ora et Labora,https://misutmeeple.com/2015/04/resena-ora-et-labora/
557,Orongo,https://misutmeeple.com/2021/07/resena-orongo/
558,OsoPark,https://misutmeeple.com/2017/11/resena-osopark/
559,Otys,https://misutmeeple.com/2018/07/resena-otys/
560,Overbooked,https://misutmeeple.com/2019/05/resena-overbooked/
561,Pakal,https://misutmeeple.com/2021/07/resena-pakal/
562,Paladines del Reino del Oeste,https://misutmeeple.com/2020/01/resena-paladines-del-reino-del-oeste/
563,Pan Am,https://misutmeeple.com/2021/06/resena-pan-am/
564,¡Pánico en Wall Street!,https://misutmeeple.com/2013/12/resena-panico-en-wall-street/
565,Papua,https://misutmeeple.com/2019/03/resena-papua/
566,Parade,https://misutmeeple.com/2016/03/resena-parade/
567,Pares,https://misutmeeple.com/2018/10/resena-pares/
568,Parfum,https://misutmeeple.com/2016/05/resena-parfum/
569,"Paris, La Cité de la Lumière",https://misutmeeple.com/2019/11/resena-paris-la-cite-de-la-lumiere/
570,París: Nuevo Edén,https://misutmeeple.com/2021/03/resena-paris-nuevo-eden/
571,Password Express,https://misutmeeple.com/2017/11/resena-password-express/
572,Patchistory,https://misutmeeple.com/2017/10/resena-patchistory/
573,Patchwork,https://misutmeeple.com/2015/08/resena-patchwork/
574,Patchwork Express,https://misutmeeple.com/2018/09/resena-patchwork-express/
575,Path of Light and Shadow,https://misutmeeple.com/2021/03/resena-path-of-light-and-shadow/
576,Pax Pamir (2ª Ed.),https://misutmeeple.com/2020/12/resena-pax-pamir-2a-ed/
577,Pax Porfiriana,https://misutmeeple.com/2017/01/resena-pax-porfiriana/
578,Pax Renaissance,https://misutmeeple.com/2020/09/resena-pax-renaissance/
579,Peak Oil,https://misutmeeple.com/2018/04/resena-peak-oil/
580,Pelican Bay,https://misutmeeple.com/2015/01/resena-pelican-bay/
581,Penny Papers Adventures – The Valley of Wiraqocha,https://misutmeeple.com/2018/08/resena-penny-papers-adventures-the-valley-of-wiraqocha/
582,Pequeñas Grandes Galaxias,https://misutmeeple.com/2016/08/resena-pequenas-grandes-galaxias/
583,Pequeños Grandes Mechs,https://misutmeeple.com/2020/06/resena-pequenos-grandes-mechs/
584,Pequeños Grandes Reinos,https://misutmeeple.com/2015/11/resena-pequenos-grandes-reinos/
585,Perfect Hotel,https://misutmeeple.com/2019/01/resena-perfect-hotel/
586,Pergamon,https://misutmeeple.com/2018/03/resena-pergamon/
587,Petrichor,https://misutmeeple.com/2019/08/resena-petrichor/
588,Petris,https://misutmeeple.com/2021/08/resena-petris/
589,Pi Mal Pflaumen,https://misutmeeple.com/2016/03/resena-pi-mal-pflaumen/
590,Picnic,https://misutmeeple.com/2021/05/resena-picnic/
591,Pictomania,https://misutmeeple.com/2018/05/resena-pictomania/
592,Piko Piko el Gusanito,https://misutmeeple.com/2016/08/resena-piko-piko-el-gusanito
593,¡Pingüinos!,https://misutmeeple.com/2013/01/resena-pinguinos/
594,Pioneers,https://misutmeeple.com/2019/10/resena-pioneers/
595,Pipeline,https://misutmeeple.com/2020/02/resena-pipeline/
596,Pitchcar,https://misutmeeple.com/2016/01/resena-pitchcar/
597,Pixie Queen,https://misutmeeple.com/2018/03/resena-pixie-queen/
598,Plata,https://misutmeeple.com/2021/06/resena-plata/
599,Pócimas y Brebajes,https://misutmeeple.com/2019/04/resena-pocimas-y-brebajes/
600,Pocket Invaders,https://misutmeeple.com/2016/05/resena-pocket-invaders/
601,Pocket Mars,https://misutmeeple.com/2018/02/resena-pocket-mars/
602,"Poli Bueno, Poli Malo",https://misutmeeple.com/2016/02/resena-poli-bueno-poli-malo/
603,Polilla Tramposa,https://misutmeeple.com/2015/01/resena-polilla-tramposa/
604,Polis: Lucha por la Hegemonía,https://misutmeeple.com/2015/01/resena-polis-lucha-por-la-hegemonia/
605,Polynesia,https://misutmeeple.com/2020/10/resena-polynesia/
606,Ponzi Scheme,https://misutmeeple.com/2018/02/resena-ponzi-scheme/
607,Port Royal,https://misutmeeple.com/2016/12/resena-port-royal/
608,Pot de Vin,https://misutmeeple.com/2018/06/resena-pot-de-vin/
609,Potion Explosion,https://misutmeeple.com/2016/07/resena-potion-explosion/
610,Powerboats,https://misutmeeple.com/2017/02/resena-powerboats/
611,Pradera,https://misutmeeple.com/2021/05/resena-pradera/
612,Praetor,https://misutmeeple.com/2014/10/resena-praetor/
613,Praga Caput Regni,https://misutmeeple.com/2021/02/resena-praga-caput-regni/
614,Prêt-à-Porter,https://misutmeeple.com/2016/11/resena-pret-a-porter/
615,Primer Contacto,https://misutmeeple.com/2020/08/resena-primer-contacto/
616,Primera Clase,https://misutmeeple.com/2017/02/resena-primera-clase/
617,Proyecto Manhattan 2: Minutos para la Medianoche,https://misutmeeple.com/2020/10/resena-proyecto-manhattan-2-minutos-para-la-medianoche/
618,Pueblo,https://misutmeeple.com/2017/04/resena-pueblo/
619,Puerto Rico,https://misutmeeple.com/2015/05/resena-puerto-rico/
620,Pug You!,https://misutmeeple.com/2019/03/resena-pug-you/
621,Pulsar 2849,https://misutmeeple.com/2017/12/resena-pulsar-2849/
622,PÜNCT,https://misutmeeple.com/2017/07/resena-punct/
623,Qin,https://misutmeeple.com/2015/03/resena-qin/
624,Quadropolis,https://misutmeeple.com/2016/07/resena-quadropolis/
625,Quantum,https://misutmeeple.com/2017/05/resena-quantum/
626,Quarriors!,https://misutmeeple.com/2014/06/resena-quarriors/
627,Quarto,https://misutmeeple.com/2021/10/resena-quarto/
628,Quetzal,https://misutmeeple.com/2021/10/resena-quetzal/
629,Qwinto (El Juego de Cartas),https://misutmeeple.com/2017/03/resena-qwinto-el-juego-de-cartas/
630,Qwirkle,https://misutmeeple.com/2015/10/resena-qwirkle/
631,R.R.R. (Realeza Vs. Religión: Revolución),https://misutmeeple.com/2018/11/resena-r-r-r-realeza-vs-religion-revolucion/
632,Ra,https://misutmeeple.com/2015/08/resena-ra/
633,Raccoon Tycoon,https://misutmeeple.com/2020/04/resena-raccoon-tycoon/
634,Ragusa,https://misutmeeple.com/2019/08/resena-ragusa/
635,Raids,https://misutmeeple.com/2019/05/resena-raids/
636,Raíles: Millonarios del Vapor,https://misutmeeple.com/2017/01/resena-railes-millonarios-del-vapor/
637,Railroad Ink,https://misutmeeple.com/2018/12/resena-railroad-ink/
638,Raj,https://misutmeeple.com/2015/06/resena-raj/
639,Rajas of the Ganges,https://misutmeeple.com/2018/01/resena-rajas-of-the-ganges/
640,RallyRas,https://misutmeeple.com/2016/01/resena-rallyras/
641,Ramen,https://misutmeeple.com/2019/01/resena-ramen/
642,Rat Attack Party,https://misutmeeple.com/2021/05/resena-rat-attack-party/
643,Rattus,https://misutmeeple.com/2016/07/resena-rattus/
644,Razzia!,https://misutmeeple.com/2020/11/resena-razzia/
645,Red7,https://misutmeeple.com/2016/01/resena-red7/
646,Red Code,https://misutmeeple.com/2014/01/resena-red-code/
647,Reef,https://misutmeeple.com/2018/11/resena-reef/
648,Reinos de Papel,https://misutmeeple.com/2018/12/resena-reinos-de-papel/
649,Res Arcana,https://misutmeeple.com/2020/01/resena-res-arcana/
650,Revolución 1828,https://misutmeeple.com/2019/05/resena-revolucion-1828/
651,Reykholt,https://misutmeeple.com/2018/12/resena-reykholt/
652,Rialto,https://misutmeeple.com/2015/08/resena-rialto/
653,Ricochet Robot,https://misutmeeple.com/2016/09/resena-ricochet-robots/
654,Riff Raff,https://misutmeeple.com/2015/08/resena-riff-raff/
655,Riftforce,https://misutmeeple.com/2021/04/resena-riftforce/
656,Ringo,https://misutmeeple.com/2020/08/resena-ringo/
657,Rhino Hero: Super Battle,https://misutmeeple.com/2019/01/resena-rhino-hero-super-battle/
658,Rise to Nobility,https://misutmeeple.com/2019/10/resena-rise-to-nobility/#comment-23393
659,"Rise to Nobility, Beyond",https://misutmeeple.com/2019/11/resena-rise-to-nobility-beyond/
660,Rising Sun,https://misutmeeple.com/2018/05/resena-rising-sun/
661,River Dragons,https://misutmeeple.com/2017/04/resena-river-dragons/
662,Riverboat,https://misutmeeple.com/2017/12/resena-riverboat/
663,Robin de Locksley,https://misutmeeple.com/2020/11/resena-robin-de-locksley/
664,Rocketmen,https://misutmeeple.com/2021/09/resena-rocketmen/
665,Rococo,https://misutmeeple.com/2015/05/resena-rococo/
666,Roll & Raid,https://misutmeeple.com/2020/09/resena-roll-raid/
667,Roll Player,https://misutmeeple.com/2019/06/resena-roll-player/
668,Roll Player: Familiares & Diablillos,https://misutmeeple.com/2021/05/resena-roll-player-familiares-diablillos/
669,Roll Player: Monstruos & Esbirros,https://misutmeeple.com/2019/11/resena-roll-player-monstruos-esbirros/
670,Romans Go Home!,https://misutmeeple.com/2014/08/resena-romans-go-home/
671,Romolo o Remo?,https://misutmeeple.com/2017/05/resena-romolo-o-remo/
672,Rondo,https://misutmeeple.com/2017/03/resena-rondo/
673,Root,https://misutmeeple.com/2019/01/resena-root/
674,Rosenkönig,https://misutmeeple.com/2016/02/resena-rosenkonig/
675,Royal Visit,https://misutmeeple.com/2021/08/resena-royal-visit/
676,Russian Railroads,https://misutmeeple.com/2014/07/resena-russian-railroads/
677,Saboteur,https://misutmeeple.com/2016/03/resena-saboteur/
678,Sagrada,https://misutmeeple.com/2018/08/resena-sagrada/
679,Saint Petersburg,https://misutmeeple.com/2014/12/resena-saint-petersburg/
680,Sakura,https://misutmeeple.com/2021/07/resena-sakura/
681,Samurai,https://misutmeeple.com/2016/10/resena-samurai/
682,San Juan,https://misutmeeple.com/2019/11/resena-san-juan/
683,Sanctum,https://misutmeeple.com/2020/04/resena-sanctum/
684,Santa Maria,https://misutmeeple.com/2018/05/resena-santa-maria/
685,Santa Maria: American Kingdoms,https://misutmeeple.com/2019/02/resena-santa-maria-american-kingdoms/
686,Santa Monica,https://misutmeeple.com/2021/04/resena-santa-monica/
687,Santiago de Cuba,https://misutmeeple.com/2013/08/resena-santiago-de-cuba/
688,Santorini,https://misutmeeple.com/2017/03/resena-santorini/
689,Saqueadores de Midgard,https://misutmeeple.com/2020/01/resena-saqueadores-de-midgard/
690,Saqueadores del Mar del Norte,https://misutmeeple.com/2018/02/resena-saqueadores-del-mar-del-norte/
691,SCAPE,https://misutmeeple.com/2015/07/resena-scape/
692,Schotten Totten,https://misutmeeple.com/2017/10/resena-schotten-totten/
693,Scythe,https://misutmeeple.com/2016/11/resena-scythe/
694,Scythe: El Auge de Fenris,https://misutmeeple.com/2018/12/resena-scythe-el-auge-de-fenris/
695,Scythe: Invasores de Tierras Lejanas,https://misutmeeple.com/2019/03/resenas-scythe-invasores-de-tierras-lejanas/
696,Scythe: Vientos de Guerra y Paz,https://misutmeeple.com/2018/01/resena-scythe-vientos-de-guerra-y-paz/
697,Se Vende,https://misutmeeple.com/2016/04/resena-se-vende/
698,Seasons,https://misutmeeple.com/2015/04/resena-seasons/
699,Secret Hitler,https://misutmeeple.com/2018/01/resena-secret-hitler/
700,Secretos entre Amigos,https://misutmeeple.com/2020/11/resena-secretos-entre-amigos/
701,SecuenzooS,https://misutmeeple.com/2014/02/resena-secuenzoos/
702,Seikatsu,https://misutmeeple.com/2020/10/resena-seikatsu/
703,Sekigahara: The Unification of Japan,https://misutmeeple.com/2018/03/resena-sekigahara-the-unification-of-japan/
704,Sentient,https://misutmeeple.com/2019/03/resenas-sentient/
705,Set & Match,https://misutmeeple.com/2020/09/resena-set-match/
706,Sevilla 1503,https://misutmeeple.com/2019/09/resena-sevilla-1503/
707,Shadows in Kyoto,https://misutmeeple.com/2020/02/resena-shadows-in-kyoto/
708,Shear Panic!,https://misutmeeple.com/2015/06/resena-shear-panic/
709,Sheepland,https://misutmeeple.com/2016/09/resena-sheepland/
710,Shinkansen Zero-Kei,https://misutmeeple.com/2021/10/resena-shinkansen-zero-kei/
711,SHŌBU,https://misutmeeple.com/2020/12/resena-shobu/
712,Shogun,https://misutmeeple.com/2017/07/resena-shogun/
713,Sid Meier's Civilization: Un Nuevo Amanecer - Terra Incognita,https://misutmeeple.com/2021/03/resena-sid-meiers-civilization-terra-incognita/
714,Sid Meier's Civilization: Un Nuevo Amanecer,https://misutmeeple.com/2018/12/resena-sid-meiers-civilization-un-nuevo-amanecer/
715,Sierra West,https://misutmeeple.com/2019/12/resena-sierra-west/
716,Six,https://misutmeeple.com/2020/07/resena-six/
717,Sky Tango,https://misutmeeple.com/2015/03/resena-sky-tango/
718,Sky Traders,https://misutmeeple.com/2015/12/resena-sky-traders/
719,Small World,https://misutmeeple.com/2014/04/resena-small-world/
720,Smartphone Inc.,https://misutmeeple.com/2020/11/resena-smartphone-inc/
721,Snow Tails,https://misutmeeple.com/2016/06/resena-snow-tails/
722,Snowdonia,https://misutmeeple.com/2017/12/resena-snowdonia/
723,Soccer City: The Beautiful Game,https://misutmeeple.com/2014/11/resena-soccer-city-beautiful-game/
724,Solarius Mission,https://misutmeeple.com/2016/12/resena-solarius-mission/
725,"Sons of Anarchy,  Men of Mayhem",https://misutmeeple.com/2015/01/resena-sons-of-anarchy-men-of-mayhem/
726,Space Base,https://misutmeeple.com/2021/01/resena-space-base/
727,Space Walk,https://misutmeeple.com/2014/11/resena-space-walk/
728,"Spartacus, Un juego de Sangre y Traición",https://misutmeeple.com/2013/10/resena-spartacus-un-juego-de-sangre-y/
729,Spectaculum,https://misutmeeple.com/2016/05/resena-spectaculum/
730,Speed Cups,https://misutmeeple.com/2015/01/resena-speed-cups/
731,SPELL,https://misutmeeple.com/2020/08/resena-spell/
732,Spies & Lies: A Stratego Story,https://misutmeeple.com/2019/12/resena-spies-lies-a-stratego-story/
733,Spirits of the Forest,https://misutmeeple.com/2018/10/resena-spirits-of-the-forest/
734,Splendor,https://misutmeeple.com/2015/05/resena-splendor/
735,Splendor: Marvel,https://misutmeeple.com/2021/04/resena-splendor-marvel/
736,Star Realms,https://misutmeeple.com/2016/04/resena-star-realms/
737,Star Wars: El Borde Exterior,https://misutmeeple.com/2019/09/resena-star-wars-el-borde-exterior/
738,Star Wars: Rebellion,https://misutmeeple.com/2016/08/resena-star-wars-rebellion/
739,Star Wars: Rebellion - El Auge del Imperio,https://misutmeeple.com/2018/05/resena-star-wars-rebellion-el-auge-del-imperio/
740,Steam Park,https://misutmeeple.com/2014/02/resena-steam-park/
741,Stellium,https://misutmeeple.com/2018/03/resena-stellium/
742,Stephenson's Rocket,https://misutmeeple.com/2019/09/resena-stephensons-rocket/
743,Sotckpile,https://misutmeeple.com/2021/02/resena-stockpile/
744,Stone Age,https://misutmeeple.com/2015/05/resena-stone-age/
745,Strasbourg,https://misutmeeple.com/2021/07/resena-strasbourg/
746,Streaming,https://misutmeeple.com/2019/03/resena-streaming/
747,Strike,https://misutmeeple.com/2016/12/resena-strike/
748,String Railway,https://misutmeeple.com/2017/02/resena-string-railway/
749,Suburbia,https://misutmeeple.com/2017/08/resena-suburbia/
750,Sumatra,https://misutmeeple.com/2020/12/resena-sumatra/
751,Super Rhino!,https://misutmeeple.com/2016/01/resena-super-rhino/
752,Sushi Go!,https://misutmeeple.com/2014/12/resena-sushi-go/
753,Taberna,https://misutmeeple.com/2017/08/resena-taberna/
754,Taj Mahal,https://misutmeeple.com/2018/06/resena-taj-mahal/
755,Tak,https://misutmeeple.com/2018/07/resena-tak/
756,Take It Easy!,https://misutmeeple.com/2017/12/resena-take-it-easy/
757,Takenoko,https://misutmeeple.com/2013/10/resena-takenoko/
758,Takenoko: Chibis,https://misutmeeple.com/2018/02/resena-takenoko-chibis/
759,Tally Ho!,https://misutmeeple.com/2016/07/resena-tally-ho/
760,Taluva,https://misutmeeple.com/2016/10/resena-taluva/
761,Tao Long: The Way of the Dragon,https://misutmeeple.com/2018/04/resena-tao-long-the-way-of-the-dragon/
762,Tash-Kalar: Arena de Leyendas,https://misutmeeple.com/2015/04/resena-tash-kalar-arena-de-leyendas/
763,Tavarua,https://misutmeeple.com/2017/03/resena-tavarua/
764,Tawantinsuyu: El Imperio Inca,https://misutmeeple.com/2020/12/resena-tawantinsuyu-el-imperio-inca/
765,Tea for 2,https://misutmeeple.com/2020/07/resena-tea-for-2/
766,Tekhenu: El Obelisco del Sol,https://misutmeeple.com/2020/10/resena-tekhenu-el-obelisco-del-sol/
767,Telón de Acero,https://misutmeeple.com/2018/06/resena-telon-de-acero/
768,Tembo,https://misutmeeple.com/2017/06/resena-tembo/
769,Teotihuacán: Ciudad de Dioses,https://misutmeeple.com/2018/11/resena-teotihuacan-ciudad-de-dioses/
770,Teotihuacán: Era de la Expansión,https://misutmeeple.com/2021/08/resena-teotihuacan-era-de-la-expansion/
771,Teotihuacán: Preclásico Tardío,https://misutmeeple.com/2019/12/resena-teotihuacan-preclasico-tardio/
772,Teotihuacán: Sombras del Xitle,https://misutmeeple.com/2020/06/resena-teotihuacan-sombras-del-xitle/
773,Terra Mystica,https://misutmeeple.com/2015/01/resena-terra-mystica/
774,Terra Nova,https://misutmeeple.com/2016/07/resena-terra-nova/
775,Terraforming Mars,https://misutmeeple.com/2017/06/resena-terraforming-mars/
776,Terraforming Mars: Conflictos,https://misutmeeple.com/2020/04/resena-terraforming-mars-conflictos/
777,Terraforming Mars: Colonias,https://misutmeeple.com/2019/06/resena-terraforming-mars-colonias/
778,Terraforming Mars: Hellas & Elysium,https://misutmeeple.com/2017/12/resena-terraforming-mars-hellas-elysium
779,Terraforming Mars: Preludio,https://misutmeeple.com/2018/12/resena-terraforming-mars-preludio/
780,Terraforming Mars: Venus Next,https://misutmeeple.com/2019/03/resena-terraforming-mars-venus-next/
781,Terror in Meeple City,https://misutmeeple.com/2016/07/resena-terror-in-meeple-city/
782,The Boss,https://misutmeeple.com/2016/03/resena-the-boss/
783,The Bridges of Shangri-La,https://misutmeeple.com/2018/08/resena-the-bridges-of-shangri-la/
784,The Capitals,https://misutmeeple.com/2016/09/resena-the-capitals/
785,The Castles of Burgundy,https://misutmeeple.com/2014/03/resena-castles-of-burgundy/
786,The Colonists,https://misutmeeple.com/2020/06/resena-the-colonists/
787,The Cousin's War,https://misutmeeple.com/2019/03/resena-the-cousins-war/
788,The Downfall of Pompeii,https://misutmeeple.com/2016/05/resena-the-downfall-of-pompeii/
789,The Estates,https://misutmeeple.com/2019/05/resena-the-estates/
790,The Foreign King,https://misutmeeple.com/2016/06/resena-the-foreign-king/
791,The Gallerist,https://misutmeeple.com/2016/07/resena-the-gallerist/
792,The Great Fire of London 1666,https://misutmeeple.com/2016/06/resena-the-great-fire-of-london-1666/
793,The Island,https://misutmeeple.com/2015/01/resena-island/
794,The Magnificent,https://misutmeeple.com/2019/12/resena-the-magnificent/
795,The Manhattan Project: Energy Empire,https://misutmeeple.com/2019/10/resena-the-manhattan-project-energy-empire/
796,The Name of the Rose,https://misutmeeple.com/2018/05/resena-the-name-of-the-rose/
797,The Palaces of Carrara,https://misutmeeple.com/2017/06/resena-the-palaces-of-carrara/
798,The Quest for El Dorado,https://misutmeeple.com/2018/10/resena-the-quest-for-el-dorado/
799,The Red Cathedral,https://misutmeeple.com/2020/12/resena-the-red-cathedral/
800,The Resistance: Avalon,https://misutmeeple.com/2015/01/resena-resistance-avalon/
801,The Secret of Monte Cristo,https://misutmeeple.com/2015/07/resena-the-secret-of-monte-cristo/
802,The Speichestadt,https://misutmeeple.com/2015/03/resena-speicherstadt/
803,The Staufer Dinasty,https://misutmeeple.com/2016/04/resena-the-staufer-dinasty/
804,Through the Ages: Historia de las Civilizaciones,https://misutmeeple.com/2014/09/resena-through-ages-historia-de-las/
805,Through the Ages: Nuevos Líderes y Maravillas,https://misutmeeple.com/2020/07/resena-through-the-ages-una-nueva-historia-de-la-civilizacion-nuevos-lideres-y-maravillas/
806,Through the Ages: Una Nueva Historia de la Civilización,https://misutmeeple.com/2016/10/resena-through-the-ages-una-nueva-historia-de-la-civilizacion/
807,Thurn and Taxis,https://misutmeeple.com/2020/05/resena-thurn-taxis/
808,¡Tiburón!,https://misutmeeple.com/2016/02/resena-tiburon/
809,Tic Talk,https://misutmeeple.com/2014/12/resena-tic-talk/
810,Tichu,https://misutmeeple.com/2014/02/resena-tichu/
811,Ticket to Ride,https://misutmeeple.com/2021/07/resena-ticket-to-ride/
812,Ticket To Ride - Amsterdam,https://misutmeeple.com/2020/09/resena-ticket-to-ride-amsterdam/
813,Ticket to Ride - London,https://misutmeeple.com/2019/08/resena-ticket-to-ride-london/
814,Ticket to Ride - Märklin,https://misutmeeple.com/2013/11/resena-ticket-to-ride-marklin/
815,Ticket to Ride - New York,https://misutmeeple.com/2019/05/resena-ticket-to-tide-new-york/
816,Ticket to Ride - The Card Game,https://misutmeeple.com/2013/04/resena-aventureros-al-tren-el-juego-de/
817,Ticket to Ride Map Collection - Vol. 7 - Japan & Italy,https://misutmeeple.com/2020/02/resena-ticket-to-ride-map-collection-vol-7-japan-italy/
818,Tierras Bajas,https://misutmeeple.com/2018/05/resena-tierras-bajas/
819,Tigris & Éufrates,https://misutmeeple.com/2014/12/resena-tigris-eufrates/
820,Tikal,https://misutmeeple.com/2015/06/resena-tikal/
821,Time of Soccer,https://misutmeeple.com/2015/02/resena-time-of-soccer/
822,Time's Up,https://misutmeeple.com/2017/03/resena-times-up/
823,TimeBomb,https://misutmeeple.com/2017/08/resena-timebomb/
824,Timeline,https://misutmeeple.com/2017/04/resena-timeline/
825,Tin Goose,https://misutmeeple.com/2016/11/resena-tin-goose/
826,Tinners' Trails,https://misutmeeple.com/2015/10/resena-tinners-trail/
827,Tiny Towns,https://misutmeeple.com/2020/03/resena-tiny-towns/
828,Titularing,https://misutmeeple.com/2018/06/resena-titularing/
829,Tobago,https://misutmeeple.com/2015/07/resena-tobago/
830,¡Toma 6!,https://misutmeeple.com/2014/11/resena-toma-6/
831,Top Gun Strategy Game,https://misutmeeple.com/2020/11/resena-top-gun-strategy-game/
832,Top This! A Pizza Flicking Game,https://misutmeeple.com/2016/05/resena-top-this-a-pizza-flicking-game/
833,Topiary,https://misutmeeple.com/2020/04/resena-topiary/
834,Topito,https://misutmeeple.com/2018/08/resena-topito/
835,Torre de Gatos,https://misutmeeple.com/2018/05/resena-torre-de-gatos/
836,Torres,https://misutmeeple.com/2016/09/resena-torres/
837,Tortilla de Patatas: The Game,https://misutmeeple.com/2015/03/resena-tortilla-de-patatas-game/
838,Tortuga 2199,https://misutmeeple.com/2021/05/resena-tortuga-2199/
839,Toscana,https://misutmeeple.com/2014/07/resena-toscana/
840,Traders of Osaka,https://misutmeeple.com/2016/04/resena-traders-of-osaka/
841,Trains,https://misutmeeple.com/2016/03/resena-trains/
842,Trajan,https://misutmeeple.com/2015/05/resena-trajan/
843,Trambahn,https://misutmeeple.com/2016/05/resena-trambahn/
844,Transatlantic,https://misutmeeple.com/2018/02/resena-transatlantic/
845,Tranvías,https://misutmeeple.com/2019/07/resena-tranvias/
846,Trappist One,https://misutmeeple.com/2019/02/resena-trappist-one/
847,Trapwords,https://misutmeeple.com/2019/04/resena-trapwords/
848,Tribus: En los Albores de la Humanidad,https://misutmeeple.com/2019/07/resena-tribus-en-los-albores-de-la-humanidad/
849,Trismegistus: La Fórmula Definitiva,https://misutmeeple.com/2019/11/resena-trismegistus-la-formula-definitiva/
850,Troyes,https://misutmeeple.com/2014/10/resena-troyes/
851,Truffle Shuffle,https://misutmeeple.com/2021/09/resena-truffle-shuffle/
852,Tuareg,https://misutmeeple.com/2014/05/resena-tuareg/
853,Tudor,https://misutmeeple.com/2019/09/resena-tudor/
854,Turn the Tide,https://misutmeeple.com/2016/08/resena-turn-the-tide/
855,Tussie Mussie,https://misutmeeple.com/2021/09/resena-tussie-mussie/
856,Twenty One,https://misutmeeple.com/2017/04/resena-twenty-one/
857,Twilight Struggle,https://misutmeeple.com/2016/10/resena-twilight-struggle/
858,TZAAR,https://misutmeeple.com/2017/01/resena-tzaar/
859,Tzolk'In: El Calendario Maya,https://misutmeeple.com/2014/11/resena-tzolkin-el-calendario-maya/
860,U.S. Telegraph,https://misutmeeple.com/2019/06/resena-u-s-telegraph/
861,Ubongo,https://misutmeeple.com/2015/04/resena-ubongo/
862,Un Imperio en 8 Minutos,https://misutmeeple.com/2014/01/resena-un-imperio-en-8-minutos/
863,Un Puñado de Meeples,https://misutmeeple.com/2019/12/resena-un-punado-de-meeples/
864,Unánimo,https://misutmeeple.com/2021/09/resena-unanimo/
865,Undaunted: Normandy,https://misutmeeple.com/2020/08/resena-undaunted-normandy/
866,Underwater Cities,https://misutmeeple.com/2018/12/resena-underwater-cities/
867,Unmatched,https://misutmeeple.com/2021/03/resena-unmatched/
868,Upstream,https://misutmeeple.com/2018/03/resena-upstream/
869,Valletta,https://misutmeeple.com/2019/01/resena-valletta/
870,Valparaíso,https://misutmeeple.com/2019/06/resena-valparaiso/
871,Vanuatu,https://misutmeeple.com/2021/05/resena-vanuatu/
872,Vast: Las Cavernas Cristalinas,https://misutmeeple.com/2019/04/resena-vast-las-cavernas-cristalinas/
873,Via Nebula,https://misutmeeple.com/2017/11/resena-via-nebula/
874,Viceroy,https://misutmeeple.com/2016/04/resena-viceroy/
875,Vienna,https://misutmeeple.com/2017/08/resena-vienna/
876,Vikings,https://misutmeeple.com/2016/08/resena-vikings/
877,Villa Paletti,https://misutmeeple.com/2015/11/resena-villa-paletti/
878,Villagers,https://misutmeeple.com/2020/01/resena-villagers/
879,Vineta,https://misutmeeple.com/2014/07/resena-vineta/
880,Vinhos,https://misutmeeple.com/2015/10/resena-vinhos/
881,Viticulture,https://misutmeeple.com/2015/03/resena-viticulture/
882,Vizcondes del Reino del Oeste,https://misutmeeple.com/2020/12/resena-vizcondes-del-reino-del-oeste/
883,War Chest,https://misutmeeple.com/2019/04/resenas-war-chest/
884,Warehouse 51,https://misutmeeple.com/2017/07/resena-warehouse-51/
885,Watergate,https://misutmeeple.com/2020/02/resena-watergate/
886,Wavelength,https://misutmeeple.com/2021/01/resena-wavelength/
887,"Welcome, hacia El Perfecto Hogar",https://misutmeeple.com/2018/06/resena-welcome-hacia-el-perfecto-hogar/
888,"Welcome, hacia New Las Vegas",https://misutmeeple.com/2020/04/resena-welcome-hacia-new-las-vegas/
889,Wendake,https://misutmeeple.com/2019/09/resena-wendake/
890,Western Legends,https://misutmeeple.com/2019/02/resena-western-legends/
891,Whistle Stop,https://misutmeeple.com/2020/05/resena-whistle-stop/
892,Wild Space,https://misutmeeple.com/2020/10/resena-wild-space/
893,Wildlands,https://misutmeeple.com/2019/02/resena-wildlands/
894,Wingspan,https://misutmeeple.com/2019/04/resena-wingspan/
895,Wingspan - Expansión de Oceanía,https://misutmeeple.com/2021/02/resena-wingspan-expansion-de-oceania/
896,Wingspan - Expansión Europea,https://misutmeeple.com/2020/01/resena-wingspan-expansion-europea/
897,Winner's Circle,https://misutmeeple.com/2018/03/resena-winners-circle/
898,Wir Sind Das Volk!,https://misutmeeple.com/2019/02/resena-wir-sind-das-volk/
899,World's Fair 1893,https://misutmeeple.com/2019/05/resena-worlds-fair-1893/
900,Xia: Leyendas de un Sistema a la Deriva,https://misutmeeple.com/2019/05/resena-xia-leyendas-de-un-sistema-a-la-deriva/
901,Xia: Vestigios de una Estrella Olvidada,https://misutmeeple.com/2019/08/resena-xia-vestigios-de-una-estrella-olvidada/
902,Yamataï,https://misutmeeple.com/2017/03/resena-yamatai/
903,Yangtse,https://misutmeeple.com/2017/06/resena-yangtze/
904,Yedo: Deluxe Master Set,https://misutmeeple.com/2020/11/resena-yedo-deluxe-master-set/
905,Yellow & Yangtze,https://misutmeeple.com/2020/04/resena-yellow-yangtze/
906,YINSH,https://misutmeeple.com/2016/08/resena-yinsh/
907,Ylandyss,https://misutmeeple.com/2016/10/resena-ylandyss/
908,Yokohama,https://misutmeeple.com/2017/08/resena-yokohama/
909,Yukon Airways,https://misutmeeple.com/2019/11/resena-yukon-airways/
910,ZÈRTZ,https://misutmeeple.com/2017/06/resena-zertz/
911,Zooloretto,https://misutmeeple.com/2017/03/resena-zooloretto/
912,Zumos,https://misutmeeple.com/2020/03/resena-zumos/
